Task ID,Job ID,Arrival min,Arrival max,Cost min,Cost max,Deadline,Priority
0,0,0,200,3807,4759,100000,100000
0,1,100000,100200,3807,4759,200000,200000
0,2,200000,200200,3807,4759,300000,300000
0,3,300000,300200,3807,4759,400000,400000
0,4,400000,400200,3807,4759,500000,500000
0,5,500000,500200,3807,4759,600000,600000
0,6,600000,600200,3807,4759,700000,700000
0,7,700000,700200,3807,4759,800000,800000
0,8,800000,800200,3807,4759,900000,900000
0,9,900000,900200,3807,4759,1000000,1000000
0,10,1000000,1000200,3807,4759,1100000,1100000
0,11,1100000,1100200,3807,4759,1200000,1200000
0,12,1200000,1200200,3807,4759,1300000,1300000
0,13,1300000,1300200,3807,4759,1400000,1400000
0,14,1400000,1400200,3807,4759,1500000,1500000
0,15,1500000,1500200,3807,4759,1600000,1600000
0,16,1600000,1600200,3807,4759,1700000,1700000
0,17,1700000,1700200,3807,4759,1800000,1800000
0,18,1800000,1800200,3807,4759,1900000,1900000
0,19,1900000,1900200,3807,4759,2000000,2000000
0,20,2000000,2000200,3807,4759,2100000,2100000
0,21,2100000,2100200,3807,4759,2200000,2200000
0,22,2200000,2200200,3807,4759,2300000,2300000
0,23,2300000,2300200,3807,4759,2400000,2400000
0,24,2400000,2400200,3807,4759,2500000,2500000
0,25,2500000,2500200,3807,4759,2600000,2600000
0,26,2600000,2600200,3807,4759,2700000,2700000
0,27,2700000,2700200,3807,4759,2800000,2800000
0,28,2800000,2800200,3807,4759,2900000,2900000
0,29,2900000,2900200,3807,4759,3000000,3000000
0,30,3000000,3000200,3807,4759,3100000,3100000
0,31,3100000,3100200,3807,4759,3200000,3200000
0,32,3200000,3200200,3807,4759,3300000,3300000
0,33,3300000,3300200,3807,4759,3400000,3400000
0,34,3400000,3400200,3807,4759,3500000,3500000
0,35,3500000,3500200,3807,4759,3600000,3600000
0,36,3600000,3600200,3807,4759,3700000,3700000
0,37,3700000,3700200,3807,4759,3800000,3800000
0,38,3800000,3800200,3807,4759,3900000,3900000
0,39,3900000,3900200,3807,4759,4000000,4000000
0,40,4000000,4000200,3807,4759,4100000,4100000
0,41,4100000,4100200,3807,4759,4200000,4200000
0,42,4200000,4200200,3807,4759,4300000,4300000
0,43,4300000,4300200,3807,4759,4400000,4400000
0,44,4400000,4400200,3807,4759,4500000,4500000
0,45,4500000,4500200,3807,4759,4600000,4600000
0,46,4600000,4600200,3807,4759,4700000,4700000
0,47,4700000,4700200,3807,4759,4800000,4800000
0,48,4800000,4800200,3807,4759,4900000,4900000
0,49,4900000,4900200,3807,4759,5000000,5000000
0,50,5000000,5000200,3807,4759,5100000,5100000
0,51,5100000,5100200,3807,4759,5200000,5200000
0,52,5200000,5200200,3807,4759,5300000,5300000
0,53,5300000,5300200,3807,4759,5400000,5400000
0,54,5400000,5400200,3807,4759,5500000,5500000
0,55,5500000,5500200,3807,4759,5600000,5600000
0,56,5600000,5600200,3807,4759,5700000,5700000
0,57,5700000,5700200,3807,4759,5800000,5800000
0,58,5800000,5800200,3807,4759,5900000,5900000
0,59,5900000,5900200,3807,4759,6000000,6000000
0,60,6000000,6000200,3807,4759,6100000,6100000
0,61,6100000,6100200,3807,4759,6200000,6200000
0,62,6200000,6200200,3807,4759,6300000,6300000
0,63,6300000,6300200,3807,4759,6400000,6400000
0,64,6400000,6400200,3807,4759,6500000,6500000
0,65,6500000,6500200,3807,4759,6600000,6600000
0,66,6600000,6600200,3807,4759,6700000,6700000
0,67,6700000,6700200,3807,4759,6800000,6800000
0,68,6800000,6800200,3807,4759,6900000,6900000
0,69,6900000,6900200,3807,4759,7000000,7000000
0,70,7000000,7000200,3807,4759,7100000,7100000
0,71,7100000,7100200,3807,4759,7200000,7200000
0,72,7200000,7200200,3807,4759,7300000,7300000
0,73,7300000,7300200,3807,4759,7400000,7400000
0,74,7400000,7400200,3807,4759,7500000,7500000
0,75,7500000,7500200,3807,4759,7600000,7600000
0,76,7600000,7600200,3807,4759,7700000,7700000
0,77,7700000,7700200,3807,4759,7800000,7800000
0,78,7800000,7800200,3807,4759,7900000,7900000
0,79,7900000,7900200,3807,4759,8000000,8000000
0,80,8000000,8000200,3807,4759,8100000,8100000
0,81,8100000,8100200,3807,4759,8200000,8200000
0,82,8200000,8200200,3807,4759,8300000,8300000
0,83,8300000,8300200,3807,4759,8400000,8400000
0,84,8400000,8400200,3807,4759,8500000,8500000
0,85,8500000,8500200,3807,4759,8600000,8600000
0,86,8600000,8600200,3807,4759,8700000,8700000
0,87,8700000,8700200,3807,4759,8800000,8800000
0,88,8800000,8800200,3807,4759,8900000,8900000
0,89,8900000,8900200,3807,4759,9000000,9000000
0,90,9000000,9000200,3807,4759,9100000,9100000
0,91,9100000,9100200,3807,4759,9200000,9200000
0,92,9200000,9200200,3807,4759,9300000,9300000
0,93,9300000,9300200,3807,4759,9400000,9400000
0,94,9400000,9400200,3807,4759,9500000,9500000
0,95,9500000,9500200,3807,4759,9600000,9600000
0,96,9600000,9600200,3807,4759,9700000,9700000
0,97,9700000,9700200,3807,4759,9800000,9800000
0,98,9800000,9800200,3807,4759,9900000,9900000
0,99,9900000,9900200,3807,4759,10000000,10000000
0,100,10000000,10000200,3807,4759,10100000,10100000
0,101,10100000,10100200,3807,4759,10200000,10200000
0,102,10200000,10200200,3807,4759,10300000,10300000
0,103,10300000,10300200,3807,4759,10400000,10400000
0,104,10400000,10400200,3807,4759,10500000,10500000
0,105,10500000,10500200,3807,4759,10600000,10600000
0,106,10600000,10600200,3807,4759,10700000,10700000
0,107,10700000,10700200,3807,4759,10800000,10800000
0,108,10800000,10800200,3807,4759,10900000,10900000
0,109,10900000,10900200,3807,4759,11000000,11000000
0,110,11000000,11000200,3807,4759,11100000,11100000
0,111,11100000,11100200,3807,4759,11200000,11200000
0,112,11200000,11200200,3807,4759,11300000,11300000
0,113,11300000,11300200,3807,4759,11400000,11400000
0,114,11400000,11400200,3807,4759,11500000,11500000
0,115,11500000,11500200,3807,4759,11600000,11600000
0,116,11600000,11600200,3807,4759,11700000,11700000
0,117,11700000,11700200,3807,4759,11800000,11800000
0,118,11800000,11800200,3807,4759,11900000,11900000
0,119,11900000,11900200,3807,4759,12000000,12000000
1,0,0,200,24175,30219,100000,100000
1,1,100000,100200,24175,30219,200000,200000
1,2,200000,200200,24175,30219,300000,300000
1,3,300000,300200,24175,30219,400000,400000
1,4,400000,400200,24175,30219,500000,500000
1,5,500000,500200,24175,30219,600000,600000
1,6,600000,600200,24175,30219,700000,700000
1,7,700000,700200,24175,30219,800000,800000
1,8,800000,800200,24175,30219,900000,900000
1,9,900000,900200,24175,30219,1000000,1000000
1,10,1000000,1000200,24175,30219,1100000,1100000
1,11,1100000,1100200,24175,30219,1200000,1200000
1,12,1200000,1200200,24175,30219,1300000,1300000
1,13,1300000,1300200,24175,30219,1400000,1400000
1,14,1400000,1400200,24175,30219,1500000,1500000
1,15,1500000,1500200,24175,30219,1600000,1600000
1,16,1600000,1600200,24175,30219,1700000,1700000
1,17,1700000,1700200,24175,30219,1800000,1800000
1,18,1800000,1800200,24175,30219,1900000,1900000
1,19,1900000,1900200,24175,30219,2000000,2000000
1,20,2000000,2000200,24175,30219,2100000,2100000
1,21,2100000,2100200,24175,30219,2200000,2200000
1,22,2200000,2200200,24175,30219,2300000,2300000
1,23,2300000,2300200,24175,30219,2400000,2400000
1,24,2400000,2400200,24175,30219,2500000,2500000
1,25,2500000,2500200,24175,30219,2600000,2600000
1,26,2600000,2600200,24175,30219,2700000,2700000
1,27,2700000,2700200,24175,30219,2800000,2800000
1,28,2800000,2800200,24175,30219,2900000,2900000
1,29,2900000,2900200,24175,30219,3000000,3000000
1,30,3000000,3000200,24175,30219,3100000,3100000
1,31,3100000,3100200,24175,30219,3200000,3200000
1,32,3200000,3200200,24175,30219,3300000,3300000
1,33,3300000,3300200,24175,30219,3400000,3400000
1,34,3400000,3400200,24175,30219,3500000,3500000
1,35,3500000,3500200,24175,30219,3600000,3600000
1,36,3600000,3600200,24175,30219,3700000,3700000
1,37,3700000,3700200,24175,30219,3800000,3800000
1,38,3800000,3800200,24175,30219,3900000,3900000
1,39,3900000,3900200,24175,30219,4000000,4000000
1,40,4000000,4000200,24175,30219,4100000,4100000
1,41,4100000,4100200,24175,30219,4200000,4200000
1,42,4200000,4200200,24175,30219,4300000,4300000
1,43,4300000,4300200,24175,30219,4400000,4400000
1,44,4400000,4400200,24175,30219,4500000,4500000
1,45,4500000,4500200,24175,30219,4600000,4600000
1,46,4600000,4600200,24175,30219,4700000,4700000
1,47,4700000,4700200,24175,30219,4800000,4800000
1,48,4800000,4800200,24175,30219,4900000,4900000
1,49,4900000,4900200,24175,30219,5000000,5000000
1,50,5000000,5000200,24175,30219,5100000,5100000
1,51,5100000,5100200,24175,30219,5200000,5200000
1,52,5200000,5200200,24175,30219,5300000,5300000
1,53,5300000,5300200,24175,30219,5400000,5400000
1,54,5400000,5400200,24175,30219,5500000,5500000
1,55,5500000,5500200,24175,30219,5600000,5600000
1,56,5600000,5600200,24175,30219,5700000,5700000
1,57,5700000,5700200,24175,30219,5800000,5800000
1,58,5800000,5800200,24175,30219,5900000,5900000
1,59,5900000,5900200,24175,30219,6000000,6000000
1,60,6000000,6000200,24175,30219,6100000,6100000
1,61,6100000,6100200,24175,30219,6200000,6200000
1,62,6200000,6200200,24175,30219,6300000,6300000
1,63,6300000,6300200,24175,30219,6400000,6400000
1,64,6400000,6400200,24175,30219,6500000,6500000
1,65,6500000,6500200,24175,30219,6600000,6600000
1,66,6600000,6600200,24175,30219,6700000,6700000
1,67,6700000,6700200,24175,30219,6800000,6800000
1,68,6800000,6800200,24175,30219,6900000,6900000
1,69,6900000,6900200,24175,30219,7000000,7000000
1,70,7000000,7000200,24175,30219,7100000,7100000
1,71,7100000,7100200,24175,30219,7200000,7200000
1,72,7200000,7200200,24175,30219,7300000,7300000
1,73,7300000,7300200,24175,30219,7400000,7400000
1,74,7400000,7400200,24175,30219,7500000,7500000
1,75,7500000,7500200,24175,30219,7600000,7600000
1,76,7600000,7600200,24175,30219,7700000,7700000
1,77,7700000,7700200,24175,30219,7800000,7800000
1,78,7800000,7800200,24175,30219,7900000,7900000
1,79,7900000,7900200,24175,30219,8000000,8000000
1,80,8000000,8000200,24175,30219,8100000,8100000
1,81,8100000,8100200,24175,30219,8200000,8200000
1,82,8200000,8200200,24175,30219,8300000,8300000
1,83,8300000,8300200,24175,30219,8400000,8400000
1,84,8400000,8400200,24175,30219,8500000,8500000
1,85,8500000,8500200,24175,30219,8600000,8600000
1,86,8600000,8600200,24175,30219,8700000,8700000
1,87,8700000,8700200,24175,30219,8800000,8800000
1,88,8800000,8800200,24175,30219,8900000,8900000
1,89,8900000,8900200,24175,30219,9000000,9000000
1,90,9000000,9000200,24175,30219,9100000,9100000
1,91,9100000,9100200,24175,30219,9200000,9200000
1,92,9200000,9200200,24175,30219,9300000,9300000
1,93,9300000,9300200,24175,30219,9400000,9400000
1,94,9400000,9400200,24175,30219,9500000,9500000
1,95,9500000,9500200,24175,30219,9600000,9600000
1,96,9600000,9600200,24175,30219,9700000,9700000
1,97,9700000,9700200,24175,30219,9800000,9800000
1,98,9800000,9800200,24175,30219,9900000,9900000
1,99,9900000,9900200,24175,30219,10000000,10000000
1,100,10000000,10000200,24175,30219,10100000,10100000
1,101,10100000,10100200,24175,30219,10200000,10200000
1,102,10200000,10200200,24175,30219,10300000,10300000
1,103,10300000,10300200,24175,30219,10400000,10400000
1,104,10400000,10400200,24175,30219,10500000,10500000
1,105,10500000,10500200,24175,30219,10600000,10600000
1,106,10600000,10600200,24175,30219,10700000,10700000
1,107,10700000,10700200,24175,30219,10800000,10800000
1,108,10800000,10800200,24175,30219,10900000,10900000
1,109,10900000,10900200,24175,30219,11000000,11000000
1,110,11000000,11000200,24175,30219,11100000,11100000
1,111,11100000,11100200,24175,30219,11200000,11200000
1,112,11200000,11200200,24175,30219,11300000,11300000
1,113,11300000,11300200,24175,30219,11400000,11400000
1,114,11400000,11400200,24175,30219,11500000,11500000
1,115,11500000,11500200,24175,30219,11600000,11600000
1,116,11600000,11600200,24175,30219,11700000,11700000
1,117,11700000,11700200,24175,30219,11800000,11800000
1,118,11800000,11800200,24175,30219,11900000,11900000
1,119,11900000,11900200,24175,30219,12000000,12000000
2,0,0,200,11315,14144,100000,100000
2,1,100000,100200,11315,14144,200000,200000
2,2,200000,200200,11315,14144,300000,300000
2,3,300000,300200,11315,14144,400000,400000
2,4,400000,400200,11315,14144,500000,500000
2,5,500000,500200,11315,14144,600000,600000
2,6,600000,600200,11315,14144,700000,700000
2,7,700000,700200,11315,14144,800000,800000
2,8,800000,800200,11315,14144,900000,900000
2,9,900000,900200,11315,14144,1000000,1000000
2,10,1000000,1000200,11315,14144,1100000,1100000
2,11,1100000,1100200,11315,14144,1200000,1200000
2,12,1200000,1200200,11315,14144,1300000,1300000
2,13,1300000,1300200,11315,14144,1400000,1400000
2,14,1400000,1400200,11315,14144,1500000,1500000
2,15,1500000,1500200,11315,14144,1600000,1600000
2,16,1600000,1600200,11315,14144,1700000,1700000
2,17,1700000,1700200,11315,14144,1800000,1800000
2,18,1800000,1800200,11315,14144,1900000,1900000
2,19,1900000,1900200,11315,14144,2000000,2000000
2,20,2000000,2000200,11315,14144,2100000,2100000
2,21,2100000,2100200,11315,14144,2200000,2200000
2,22,2200000,2200200,11315,14144,2300000,2300000
2,23,2300000,2300200,11315,14144,2400000,2400000
2,24,2400000,2400200,11315,14144,2500000,2500000
2,25,2500000,2500200,11315,14144,2600000,2600000
2,26,2600000,2600200,11315,14144,2700000,2700000
2,27,2700000,2700200,11315,14144,2800000,2800000
2,28,2800000,2800200,11315,14144,2900000,2900000
2,29,2900000,2900200,11315,14144,3000000,3000000
2,30,3000000,3000200,11315,14144,3100000,3100000
2,31,3100000,3100200,11315,14144,3200000,3200000
2,32,3200000,3200200,11315,14144,3300000,3300000
2,33,3300000,3300200,11315,14144,3400000,3400000
2,34,3400000,3400200,11315,14144,3500000,3500000
2,35,3500000,3500200,11315,14144,3600000,3600000
2,36,3600000,3600200,11315,14144,3700000,3700000
2,37,3700000,3700200,11315,14144,3800000,3800000
2,38,3800000,3800200,11315,14144,3900000,3900000
2,39,3900000,3900200,11315,14144,4000000,4000000
2,40,4000000,4000200,11315,14144,4100000,4100000
2,41,4100000,4100200,11315,14144,4200000,4200000
2,42,4200000,4200200,11315,14144,4300000,4300000
2,43,4300000,4300200,11315,14144,4400000,4400000
2,44,4400000,4400200,11315,14144,4500000,4500000
2,45,4500000,4500200,11315,14144,4600000,4600000
2,46,4600000,4600200,11315,14144,4700000,4700000
2,47,4700000,4700200,11315,14144,4800000,4800000
2,48,4800000,4800200,11315,14144,4900000,4900000
2,49,4900000,4900200,11315,14144,5000000,5000000
2,50,5000000,5000200,11315,14144,5100000,5100000
2,51,5100000,5100200,11315,14144,5200000,5200000
2,52,5200000,5200200,11315,14144,5300000,5300000
2,53,5300000,5300200,11315,14144,5400000,5400000
2,54,5400000,5400200,11315,14144,5500000,5500000
2,55,5500000,5500200,11315,14144,5600000,5600000
2,56,5600000,5600200,11315,14144,5700000,5700000
2,57,5700000,5700200,11315,14144,5800000,5800000
2,58,5800000,5800200,11315,14144,5900000,5900000
2,59,5900000,5900200,11315,14144,6000000,6000000
2,60,6000000,6000200,11315,14144,6100000,6100000
2,61,6100000,6100200,11315,14144,6200000,6200000
2,62,6200000,6200200,11315,14144,6300000,6300000
2,63,6300000,6300200,11315,14144,6400000,6400000
2,64,6400000,6400200,11315,14144,6500000,6500000
2,65,6500000,6500200,11315,14144,6600000,6600000
2,66,6600000,6600200,11315,14144,6700000,6700000
2,67,6700000,6700200,11315,14144,6800000,6800000
2,68,6800000,6800200,11315,14144,6900000,6900000
2,69,6900000,6900200,11315,14144,7000000,7000000
2,70,7000000,7000200,11315,14144,7100000,7100000
2,71,7100000,7100200,11315,14144,7200000,7200000
2,72,7200000,7200200,11315,14144,7300000,7300000
2,73,7300000,7300200,11315,14144,7400000,7400000
2,74,7400000,7400200,11315,14144,7500000,7500000
2,75,7500000,7500200,11315,14144,7600000,7600000
2,76,7600000,7600200,11315,14144,7700000,7700000
2,77,7700000,7700200,11315,14144,7800000,7800000
2,78,7800000,7800200,11315,14144,7900000,7900000
2,79,7900000,7900200,11315,14144,8000000,8000000
2,80,8000000,8000200,11315,14144,8100000,8100000
2,81,8100000,8100200,11315,14144,8200000,8200000
2,82,8200000,8200200,11315,14144,8300000,8300000
2,83,8300000,8300200,11315,14144,8400000,8400000
2,84,8400000,8400200,11315,14144,8500000,8500000
2,85,8500000,8500200,11315,14144,8600000,8600000
2,86,8600000,8600200,11315,14144,8700000,8700000
2,87,8700000,8700200,11315,14144,8800000,8800000
2,88,8800000,8800200,11315,14144,8900000,8900000
2,89,8900000,8900200,11315,14144,9000000,9000000
2,90,9000000,9000200,11315,14144,9100000,9100000
2,91,9100000,9100200,11315,14144,9200000,9200000
2,92,9200000,9200200,11315,14144,9300000,9300000
2,93,9300000,9300200,11315,14144,9400000,9400000
2,94,9400000,9400200,11315,14144,9500000,9500000
2,95,9500000,9500200,11315,14144,9600000,9600000
2,96,9600000,9600200,11315,14144,9700000,9700000
2,97,9700000,9700200,11315,14144,9800000,9800000
2,98,9800000,9800200,11315,14144,9900000,9900000
2,99,9900000,9900200,11315,14144,10000000,10000000
2,100,10000000,10000200,11315,14144,10100000,10100000
2,101,10100000,10100200,11315,14144,10200000,10200000
2,102,10200000,10200200,11315,14144,10300000,10300000
2,103,10300000,10300200,11315,14144,10400000,10400000
2,104,10400000,10400200,11315,14144,10500000,10500000
2,105,10500000,10500200,11315,14144,10600000,10600000
2,106,10600000,10600200,11315,14144,10700000,10700000
2,107,10700000,10700200,11315,14144,10800000,10800000
2,108,10800000,10800200,11315,14144,10900000,10900000
2,109,10900000,10900200,11315,14144,11000000,11000000
2,110,11000000,11000200,11315,14144,11100000,11100000
2,111,11100000,11100200,11315,14144,11200000,11200000
2,112,11200000,11200200,11315,14144,11300000,11300000
2,113,11300000,11300200,11315,14144,11400000,11400000
2,114,11400000,11400200,11315,14144,11500000,11500000
2,115,11500000,11500200,11315,14144,11600000,11600000
2,116,11600000,11600200,11315,14144,11700000,11700000
2,117,11700000,11700200,11315,14144,11800000,11800000
2,118,11800000,11800200,11315,14144,11900000,11900000
2,119,11900000,11900200,11315,14144,12000000,12000000
3,0,0,200,14127,17659,150000,150000
3,1,150000,150200,14127,17659,300000,300000
3,2,300000,300200,14127,17659,450000,450000
3,3,450000,450200,14127,17659,600000,600000
3,4,600000,600200,14127,17659,750000,750000
3,5,750000,750200,14127,17659,900000,900000
3,6,900000,900200,14127,17659,1050000,1050000
3,7,1050000,1050200,14127,17659,1200000,1200000
3,8,1200000,1200200,14127,17659,1350000,1350000
3,9,1350000,1350200,14127,17659,1500000,1500000
3,10,1500000,1500200,14127,17659,1650000,1650000
3,11,1650000,1650200,14127,17659,1800000,1800000
3,12,1800000,1800200,14127,17659,1950000,1950000
3,13,1950000,1950200,14127,17659,2100000,2100000
3,14,2100000,2100200,14127,17659,2250000,2250000
3,15,2250000,2250200,14127,17659,2400000,2400000
3,16,2400000,2400200,14127,17659,2550000,2550000
3,17,2550000,2550200,14127,17659,2700000,2700000
3,18,2700000,2700200,14127,17659,2850000,2850000
3,19,2850000,2850200,14127,17659,3000000,3000000
3,20,3000000,3000200,14127,17659,3150000,3150000
3,21,3150000,3150200,14127,17659,3300000,3300000
3,22,3300000,3300200,14127,17659,3450000,3450000
3,23,3450000,3450200,14127,17659,3600000,3600000
3,24,3600000,3600200,14127,17659,3750000,3750000
3,25,3750000,3750200,14127,17659,3900000,3900000
3,26,3900000,3900200,14127,17659,4050000,4050000
3,27,4050000,4050200,14127,17659,4200000,4200000
3,28,4200000,4200200,14127,17659,4350000,4350000
3,29,4350000,4350200,14127,17659,4500000,4500000
3,30,4500000,4500200,14127,17659,4650000,4650000
3,31,4650000,4650200,14127,17659,4800000,4800000
3,32,4800000,4800200,14127,17659,4950000,4950000
3,33,4950000,4950200,14127,17659,5100000,5100000
3,34,5100000,5100200,14127,17659,5250000,5250000
3,35,5250000,5250200,14127,17659,5400000,5400000
3,36,5400000,5400200,14127,17659,5550000,5550000
3,37,5550000,5550200,14127,17659,5700000,5700000
3,38,5700000,5700200,14127,17659,5850000,5850000
3,39,5850000,5850200,14127,17659,6000000,6000000
3,40,6000000,6000200,14127,17659,6150000,6150000
3,41,6150000,6150200,14127,17659,6300000,6300000
3,42,6300000,6300200,14127,17659,6450000,6450000
3,43,6450000,6450200,14127,17659,6600000,6600000
3,44,6600000,6600200,14127,17659,6750000,6750000
3,45,6750000,6750200,14127,17659,6900000,6900000
3,46,6900000,6900200,14127,17659,7050000,7050000
3,47,7050000,7050200,14127,17659,7200000,7200000
3,48,7200000,7200200,14127,17659,7350000,7350000
3,49,7350000,7350200,14127,17659,7500000,7500000
3,50,7500000,7500200,14127,17659,7650000,7650000
3,51,7650000,7650200,14127,17659,7800000,7800000
3,52,7800000,7800200,14127,17659,7950000,7950000
3,53,7950000,7950200,14127,17659,8100000,8100000
3,54,8100000,8100200,14127,17659,8250000,8250000
3,55,8250000,8250200,14127,17659,8400000,8400000
3,56,8400000,8400200,14127,17659,8550000,8550000
3,57,8550000,8550200,14127,17659,8700000,8700000
3,58,8700000,8700200,14127,17659,8850000,8850000
3,59,8850000,8850200,14127,17659,9000000,9000000
3,60,9000000,9000200,14127,17659,9150000,9150000
3,61,9150000,9150200,14127,17659,9300000,9300000
3,62,9300000,9300200,14127,17659,9450000,9450000
3,63,9450000,9450200,14127,17659,9600000,9600000
3,64,9600000,9600200,14127,17659,9750000,9750000
3,65,9750000,9750200,14127,17659,9900000,9900000
3,66,9900000,9900200,14127,17659,10050000,10050000
3,67,10050000,10050200,14127,17659,10200000,10200000
3,68,10200000,10200200,14127,17659,10350000,10350000
3,69,10350000,10350200,14127,17659,10500000,10500000
3,70,10500000,10500200,14127,17659,10650000,10650000
3,71,10650000,10650200,14127,17659,10800000,10800000
3,72,10800000,10800200,14127,17659,10950000,10950000
3,73,10950000,10950200,14127,17659,11100000,11100000
3,74,11100000,11100200,14127,17659,11250000,11250000
3,75,11250000,11250200,14127,17659,11400000,11400000
3,76,11400000,11400200,14127,17659,11550000,11550000
3,77,11550000,11550200,14127,17659,11700000,11700000
3,78,11700000,11700200,14127,17659,11850000,11850000
3,79,11850000,11850200,14127,17659,12000000,12000000
4,0,0,200,4084,5105,150000,150000
4,1,150000,150200,4084,5105,300000,300000
4,2,300000,300200,4084,5105,450000,450000
4,3,450000,450200,4084,5105,600000,600000
4,4,600000,600200,4084,5105,750000,750000
4,5,750000,750200,4084,5105,900000,900000
4,6,900000,900200,4084,5105,1050000,1050000
4,7,1050000,1050200,4084,5105,1200000,1200000
4,8,1200000,1200200,4084,5105,1350000,1350000
4,9,1350000,1350200,4084,5105,1500000,1500000
4,10,1500000,1500200,4084,5105,1650000,1650000
4,11,1650000,1650200,4084,5105,1800000,1800000
4,12,1800000,1800200,4084,5105,1950000,1950000
4,13,1950000,1950200,4084,5105,2100000,2100000
4,14,2100000,2100200,4084,5105,2250000,2250000
4,15,2250000,2250200,4084,5105,2400000,2400000
4,16,2400000,2400200,4084,5105,2550000,2550000
4,17,2550000,2550200,4084,5105,2700000,2700000
4,18,2700000,2700200,4084,5105,2850000,2850000
4,19,2850000,2850200,4084,5105,3000000,3000000
4,20,3000000,3000200,4084,5105,3150000,3150000
4,21,3150000,3150200,4084,5105,3300000,3300000
4,22,3300000,3300200,4084,5105,3450000,3450000
4,23,3450000,3450200,4084,5105,3600000,3600000
4,24,3600000,3600200,4084,5105,3750000,3750000
4,25,3750000,3750200,4084,5105,3900000,3900000
4,26,3900000,3900200,4084,5105,4050000,4050000
4,27,4050000,4050200,4084,5105,4200000,4200000
4,28,4200000,4200200,4084,5105,4350000,4350000
4,29,4350000,4350200,4084,5105,4500000,4500000
4,30,4500000,4500200,4084,5105,4650000,4650000
4,31,4650000,4650200,4084,5105,4800000,4800000
4,32,4800000,4800200,4084,5105,4950000,4950000
4,33,4950000,4950200,4084,5105,5100000,5100000
4,34,5100000,5100200,4084,5105,5250000,5250000
4,35,5250000,5250200,4084,5105,5400000,5400000
4,36,5400000,5400200,4084,5105,5550000,5550000
4,37,5550000,5550200,4084,5105,5700000,5700000
4,38,5700000,5700200,4084,5105,5850000,5850000
4,39,5850000,5850200,4084,5105,6000000,6000000
4,40,6000000,6000200,4084,5105,6150000,6150000
4,41,6150000,6150200,4084,5105,6300000,6300000
4,42,6300000,6300200,4084,5105,6450000,6450000
4,43,6450000,6450200,4084,5105,6600000,6600000
4,44,6600000,6600200,4084,5105,6750000,6750000
4,45,6750000,6750200,4084,5105,6900000,6900000
4,46,6900000,6900200,4084,5105,7050000,7050000
4,47,7050000,7050200,4084,5105,7200000,7200000
4,48,7200000,7200200,4084,5105,7350000,7350000
4,49,7350000,7350200,4084,5105,7500000,7500000
4,50,7500000,7500200,4084,5105,7650000,7650000
4,51,7650000,7650200,4084,5105,7800000,7800000
4,52,7800000,7800200,4084,5105,7950000,7950000
4,53,7950000,7950200,4084,5105,8100000,8100000
4,54,8100000,8100200,4084,5105,8250000,8250000
4,55,8250000,8250200,4084,5105,8400000,8400000
4,56,8400000,8400200,4084,5105,8550000,8550000
4,57,8550000,8550200,4084,5105,8700000,8700000
4,58,8700000,8700200,4084,5105,8850000,8850000
4,59,8850000,8850200,4084,5105,9000000,9000000
4,60,9000000,9000200,4084,5105,9150000,9150000
4,61,9150000,9150200,4084,5105,9300000,9300000
4,62,9300000,9300200,4084,5105,9450000,9450000
4,63,9450000,9450200,4084,5105,9600000,9600000
4,64,9600000,9600200,4084,5105,9750000,9750000
4,65,9750000,9750200,4084,5105,9900000,9900000
4,66,9900000,9900200,4084,5105,10050000,10050000
4,67,10050000,10050200,4084,5105,10200000,10200000
4,68,10200000,10200200,4084,5105,10350000,10350000
4,69,10350000,10350200,4084,5105,10500000,10500000
4,70,10500000,10500200,4084,5105,10650000,10650000
4,71,10650000,10650200,4084,5105,10800000,10800000
4,72,10800000,10800200,4084,5105,10950000,10950000
4,73,10950000,10950200,4084,5105,11100000,11100000
4,74,11100000,11100200,4084,5105,11250000,11250000
4,75,11250000,11250200,4084,5105,11400000,11400000
4,76,11400000,11400200,4084,5105,11550000,11550000
4,77,11550000,11550200,4084,5105,11700000,11700000
4,78,11700000,11700200,4084,5105,11850000,11850000
4,79,11850000,11850200,4084,5105,12000000,12000000
5,0,0,200,9456,11821,150000,150000
5,1,150000,150200,9456,11821,300000,300000
5,2,300000,300200,9456,11821,450000,450000
5,3,450000,450200,9456,11821,600000,600000
5,4,600000,600200,9456,11821,750000,750000
5,5,750000,750200,9456,11821,900000,900000
5,6,900000,900200,9456,11821,1050000,1050000
5,7,1050000,1050200,9456,11821,1200000,1200000
5,8,1200000,1200200,9456,11821,1350000,1350000
5,9,1350000,1350200,9456,11821,1500000,1500000
5,10,1500000,1500200,9456,11821,1650000,1650000
5,11,1650000,1650200,9456,11821,1800000,1800000
5,12,1800000,1800200,9456,11821,1950000,1950000
5,13,1950000,1950200,9456,11821,2100000,2100000
5,14,2100000,2100200,9456,11821,2250000,2250000
5,15,2250000,2250200,9456,11821,2400000,2400000
5,16,2400000,2400200,9456,11821,2550000,2550000
5,17,2550000,2550200,9456,11821,2700000,2700000
5,18,2700000,2700200,9456,11821,2850000,2850000
5,19,2850000,2850200,9456,11821,3000000,3000000
5,20,3000000,3000200,9456,11821,3150000,3150000
5,21,3150000,3150200,9456,11821,3300000,3300000
5,22,3300000,3300200,9456,11821,3450000,3450000
5,23,3450000,3450200,9456,11821,3600000,3600000
5,24,3600000,3600200,9456,11821,3750000,3750000
5,25,3750000,3750200,9456,11821,3900000,3900000
5,26,3900000,3900200,9456,11821,4050000,4050000
5,27,4050000,4050200,9456,11821,4200000,4200000
5,28,4200000,4200200,9456,11821,4350000,4350000
5,29,4350000,4350200,9456,11821,4500000,4500000
5,30,4500000,4500200,9456,11821,4650000,4650000
5,31,4650000,4650200,9456,11821,4800000,4800000
5,32,4800000,4800200,9456,11821,4950000,4950000
5,33,4950000,4950200,9456,11821,5100000,5100000
5,34,5100000,5100200,9456,11821,5250000,5250000
5,35,5250000,5250200,9456,11821,5400000,5400000
5,36,5400000,5400200,9456,11821,5550000,5550000
5,37,5550000,5550200,9456,11821,5700000,5700000
5,38,5700000,5700200,9456,11821,5850000,5850000
5,39,5850000,5850200,9456,11821,6000000,6000000
5,40,6000000,6000200,9456,11821,6150000,6150000
5,41,6150000,6150200,9456,11821,6300000,6300000
5,42,6300000,6300200,9456,11821,6450000,6450000
5,43,6450000,6450200,9456,11821,6600000,6600000
5,44,6600000,6600200,9456,11821,6750000,6750000
5,45,6750000,6750200,9456,11821,6900000,6900000
5,46,6900000,6900200,9456,11821,7050000,7050000
5,47,7050000,7050200,9456,11821,7200000,7200000
5,48,7200000,7200200,9456,11821,7350000,7350000
5,49,7350000,7350200,9456,11821,7500000,7500000
5,50,7500000,7500200,9456,11821,7650000,7650000
5,51,7650000,7650200,9456,11821,7800000,7800000
5,52,7800000,7800200,9456,11821,7950000,7950000
5,53,7950000,7950200,9456,11821,8100000,8100000
5,54,8100000,8100200,9456,11821,8250000,8250000
5,55,8250000,8250200,9456,11821,8400000,8400000
5,56,8400000,8400200,9456,11821,8550000,8550000
5,57,8550000,8550200,9456,11821,8700000,8700000
5,58,8700000,8700200,9456,11821,8850000,8850000
5,59,8850000,8850200,9456,11821,9000000,9000000
5,60,9000000,9000200,9456,11821,9150000,9150000
5,61,9150000,9150200,9456,11821,9300000,9300000
5,62,9300000,9300200,9456,11821,9450000,9450000
5,63,9450000,9450200,9456,11821,9600000,9600000
5,64,9600000,9600200,9456,11821,9750000,9750000
5,65,9750000,9750200,9456,11821,9900000,9900000
5,66,9900000,9900200,9456,11821,10050000,10050000
5,67,10050000,10050200,9456,11821,10200000,10200000
5,68,10200000,10200200,9456,11821,10350000,10350000
5,69,10350000,10350200,9456,11821,10500000,10500000
5,70,10500000,10500200,9456,11821,10650000,10650000
5,71,10650000,10650200,9456,11821,10800000,10800000
5,72,10800000,10800200,9456,11821,10950000,10950000
5,73,10950000,10950200,9456,11821,11100000,11100000
5,74,11100000,11100200,9456,11821,11250000,11250000
5,75,11250000,11250200,9456,11821,11400000,11400000
5,76,11400000,11400200,9456,11821,11550000,11550000
5,77,11550000,11550200,9456,11821,11700000,11700000
5,78,11700000,11700200,9456,11821,11850000,11850000
5,79,11850000,11850200,9456,11821,12000000,12000000
6,0,0,200,32461,40577,200000,200000
6,1,200000,200200,32461,40577,400000,400000
6,2,400000,400200,32461,40577,600000,600000
6,3,600000,600200,32461,40577,800000,800000
6,4,800000,800200,32461,40577,1000000,1000000
6,5,1000000,1000200,32461,40577,1200000,1200000
6,6,1200000,1200200,32461,40577,1400000,1400000
6,7,1400000,1400200,32461,40577,1600000,1600000
6,8,1600000,1600200,32461,40577,1800000,1800000
6,9,1800000,1800200,32461,40577,2000000,2000000
6,10,2000000,2000200,32461,40577,2200000,2200000
6,11,2200000,2200200,32461,40577,2400000,2400000
6,12,2400000,2400200,32461,40577,2600000,2600000
6,13,2600000,2600200,32461,40577,2800000,2800000
6,14,2800000,2800200,32461,40577,3000000,3000000
6,15,3000000,3000200,32461,40577,3200000,3200000
6,16,3200000,3200200,32461,40577,3400000,3400000
6,17,3400000,3400200,32461,40577,3600000,3600000
6,18,3600000,3600200,32461,40577,3800000,3800000
6,19,3800000,3800200,32461,40577,4000000,4000000
6,20,4000000,4000200,32461,40577,4200000,4200000
6,21,4200000,4200200,32461,40577,4400000,4400000
6,22,4400000,4400200,32461,40577,4600000,4600000
6,23,4600000,4600200,32461,40577,4800000,4800000
6,24,4800000,4800200,32461,40577,5000000,5000000
6,25,5000000,5000200,32461,40577,5200000,5200000
6,26,5200000,5200200,32461,40577,5400000,5400000
6,27,5400000,5400200,32461,40577,5600000,5600000
6,28,5600000,5600200,32461,40577,5800000,5800000
6,29,5800000,5800200,32461,40577,6000000,6000000
6,30,6000000,6000200,32461,40577,6200000,6200000
6,31,6200000,6200200,32461,40577,6400000,6400000
6,32,6400000,6400200,32461,40577,6600000,6600000
6,33,6600000,6600200,32461,40577,6800000,6800000
6,34,6800000,6800200,32461,40577,7000000,7000000
6,35,7000000,7000200,32461,40577,7200000,7200000
6,36,7200000,7200200,32461,40577,7400000,7400000
6,37,7400000,7400200,32461,40577,7600000,7600000
6,38,7600000,7600200,32461,40577,7800000,7800000
6,39,7800000,7800200,32461,40577,8000000,8000000
6,40,8000000,8000200,32461,40577,8200000,8200000
6,41,8200000,8200200,32461,40577,8400000,8400000
6,42,8400000,8400200,32461,40577,8600000,8600000
6,43,8600000,8600200,32461,40577,8800000,8800000
6,44,8800000,8800200,32461,40577,9000000,9000000
6,45,9000000,9000200,32461,40577,9200000,9200000
6,46,9200000,9200200,32461,40577,9400000,9400000
6,47,9400000,9400200,32461,40577,9600000,9600000
6,48,9600000,9600200,32461,40577,9800000,9800000
6,49,9800000,9800200,32461,40577,10000000,10000000
6,50,10000000,10000200,32461,40577,10200000,10200000
6,51,10200000,10200200,32461,40577,10400000,10400000
6,52,10400000,10400200,32461,40577,10600000,10600000
6,53,10600000,10600200,32461,40577,10800000,10800000
6,54,10800000,10800200,32461,40577,11000000,11000000
6,55,11000000,11000200,32461,40577,11200000,11200000
6,56,11200000,11200200,32461,40577,11400000,11400000
6,57,11400000,11400200,32461,40577,11600000,11600000
6,58,11600000,11600200,32461,40577,11800000,11800000
6,59,11800000,11800200,32461,40577,12000000,12000000
7,0,0,200,39238,49048,200000,200000
7,1,200000,200200,39238,49048,400000,400000
7,2,400000,400200,39238,49048,600000,600000
7,3,600000,600200,39238,49048,800000,800000
7,4,800000,800200,39238,49048,1000000,1000000
7,5,1000000,1000200,39238,49048,1200000,1200000
7,6,1200000,1200200,39238,49048,1400000,1400000
7,7,1400000,1400200,39238,49048,1600000,1600000
7,8,1600000,1600200,39238,49048,1800000,1800000
7,9,1800000,1800200,39238,49048,2000000,2000000
7,10,2000000,2000200,39238,49048,2200000,2200000
7,11,2200000,2200200,39238,49048,2400000,2400000
7,12,2400000,2400200,39238,49048,2600000,2600000
7,13,2600000,2600200,39238,49048,2800000,2800000
7,14,2800000,2800200,39238,49048,3000000,3000000
7,15,3000000,3000200,39238,49048,3200000,3200000
7,16,3200000,3200200,39238,49048,3400000,3400000
7,17,3400000,3400200,39238,49048,3600000,3600000
7,18,3600000,3600200,39238,49048,3800000,3800000
7,19,3800000,3800200,39238,49048,4000000,4000000
7,20,4000000,4000200,39238,49048,4200000,4200000
7,21,4200000,4200200,39238,49048,4400000,4400000
7,22,4400000,4400200,39238,49048,4600000,4600000
7,23,4600000,4600200,39238,49048,4800000,4800000
7,24,4800000,4800200,39238,49048,5000000,5000000
7,25,5000000,5000200,39238,49048,5200000,5200000
7,26,5200000,5200200,39238,49048,5400000,5400000
7,27,5400000,5400200,39238,49048,5600000,5600000
7,28,5600000,5600200,39238,49048,5800000,5800000
7,29,5800000,5800200,39238,49048,6000000,6000000
7,30,6000000,6000200,39238,49048,6200000,6200000
7,31,6200000,6200200,39238,49048,6400000,6400000
7,32,6400000,6400200,39238,49048,6600000,6600000
7,33,6600000,6600200,39238,49048,6800000,6800000
7,34,6800000,6800200,39238,49048,7000000,7000000
7,35,7000000,7000200,39238,49048,7200000,7200000
7,36,7200000,7200200,39238,49048,7400000,7400000
7,37,7400000,7400200,39238,49048,7600000,7600000
7,38,7600000,7600200,39238,49048,7800000,7800000
7,39,7800000,7800200,39238,49048,8000000,8000000
7,40,8000000,8000200,39238,49048,8200000,8200000
7,41,8200000,8200200,39238,49048,8400000,8400000
7,42,8400000,8400200,39238,49048,8600000,8600000
7,43,8600000,8600200,39238,49048,8800000,8800000
7,44,8800000,8800200,39238,49048,9000000,9000000
7,45,9000000,9000200,39238,49048,9200000,9200000
7,46,9200000,9200200,39238,49048,9400000,9400000
7,47,9400000,9400200,39238,49048,9600000,9600000
7,48,9600000,9600200,39238,49048,9800000,9800000
7,49,9800000,9800200,39238,49048,10000000,10000000
7,50,10000000,10000200,39238,49048,10200000,10200000
7,51,10200000,10200200,39238,49048,10400000,10400000
7,52,10400000,10400200,39238,49048,10600000,10600000
7,53,10600000,10600200,39238,49048,10800000,10800000
7,54,10800000,10800200,39238,49048,11000000,11000000
7,55,11000000,11000200,39238,49048,11200000,11200000
7,56,11200000,11200200,39238,49048,11400000,11400000
7,57,11400000,11400200,39238,49048,11600000,11600000
7,58,11600000,11600200,39238,49048,11800000,11800000
7,59,11800000,11800200,39238,49048,12000000,12000000
8,0,0,200,19416,24270,250000,250000
8,1,250000,250200,19416,24270,500000,500000
8,2,500000,500200,19416,24270,750000,750000
8,3,750000,750200,19416,24270,1000000,1000000
8,4,1000000,1000200,19416,24270,1250000,1250000
8,5,1250000,1250200,19416,24270,1500000,1500000
8,6,1500000,1500200,19416,24270,1750000,1750000
8,7,1750000,1750200,19416,24270,2000000,2000000
8,8,2000000,2000200,19416,24270,2250000,2250000
8,9,2250000,2250200,19416,24270,2500000,2500000
8,10,2500000,2500200,19416,24270,2750000,2750000
8,11,2750000,2750200,19416,24270,3000000,3000000
8,12,3000000,3000200,19416,24270,3250000,3250000
8,13,3250000,3250200,19416,24270,3500000,3500000
8,14,3500000,3500200,19416,24270,3750000,3750000
8,15,3750000,3750200,19416,24270,4000000,4000000
8,16,4000000,4000200,19416,24270,4250000,4250000
8,17,4250000,4250200,19416,24270,4500000,4500000
8,18,4500000,4500200,19416,24270,4750000,4750000
8,19,4750000,4750200,19416,24270,5000000,5000000
8,20,5000000,5000200,19416,24270,5250000,5250000
8,21,5250000,5250200,19416,24270,5500000,5500000
8,22,5500000,5500200,19416,24270,5750000,5750000
8,23,5750000,5750200,19416,24270,6000000,6000000
8,24,6000000,6000200,19416,24270,6250000,6250000
8,25,6250000,6250200,19416,24270,6500000,6500000
8,26,6500000,6500200,19416,24270,6750000,6750000
8,27,6750000,6750200,19416,24270,7000000,7000000
8,28,7000000,7000200,19416,24270,7250000,7250000
8,29,7250000,7250200,19416,24270,7500000,7500000
8,30,7500000,7500200,19416,24270,7750000,7750000
8,31,7750000,7750200,19416,24270,8000000,8000000
8,32,8000000,8000200,19416,24270,8250000,8250000
8,33,8250000,8250200,19416,24270,8500000,8500000
8,34,8500000,8500200,19416,24270,8750000,8750000
8,35,8750000,8750200,19416,24270,9000000,9000000
8,36,9000000,9000200,19416,24270,9250000,9250000
8,37,9250000,9250200,19416,24270,9500000,9500000
8,38,9500000,9500200,19416,24270,9750000,9750000
8,39,9750000,9750200,19416,24270,10000000,10000000
8,40,10000000,10000200,19416,24270,10250000,10250000
8,41,10250000,10250200,19416,24270,10500000,10500000
8,42,10500000,10500200,19416,24270,10750000,10750000
8,43,10750000,10750200,19416,24270,11000000,11000000
8,44,11000000,11000200,19416,24270,11250000,11250000
8,45,11250000,11250200,19416,24270,11500000,11500000
8,46,11500000,11500200,19416,24270,11750000,11750000
8,47,11750000,11750200,19416,24270,12000000,12000000
9,0,0,200,40624,50780,300000,300000
9,1,300000,300200,40624,50780,600000,600000
9,2,600000,600200,40624,50780,900000,900000
9,3,900000,900200,40624,50780,1200000,1200000
9,4,1200000,1200200,40624,50780,1500000,1500000
9,5,1500000,1500200,40624,50780,1800000,1800000
9,6,1800000,1800200,40624,50780,2100000,2100000
9,7,2100000,2100200,40624,50780,2400000,2400000
9,8,2400000,2400200,40624,50780,2700000,2700000
9,9,2700000,2700200,40624,50780,3000000,3000000
9,10,3000000,3000200,40624,50780,3300000,3300000
9,11,3300000,3300200,40624,50780,3600000,3600000
9,12,3600000,3600200,40624,50780,3900000,3900000
9,13,3900000,3900200,40624,50780,4200000,4200000
9,14,4200000,4200200,40624,50780,4500000,4500000
9,15,4500000,4500200,40624,50780,4800000,4800000
9,16,4800000,4800200,40624,50780,5100000,5100000
9,17,5100000,5100200,40624,50780,5400000,5400000
9,18,5400000,5400200,40624,50780,5700000,5700000
9,19,5700000,5700200,40624,50780,6000000,6000000
9,20,6000000,6000200,40624,50780,6300000,6300000
9,21,6300000,6300200,40624,50780,6600000,6600000
9,22,6600000,6600200,40624,50780,6900000,6900000
9,23,6900000,6900200,40624,50780,7200000,7200000
9,24,7200000,7200200,40624,50780,7500000,7500000
9,25,7500000,7500200,40624,50780,7800000,7800000
9,26,7800000,7800200,40624,50780,8100000,8100000
9,27,8100000,8100200,40624,50780,8400000,8400000
9,28,8400000,8400200,40624,50780,8700000,8700000
9,29,8700000,8700200,40624,50780,9000000,9000000
9,30,9000000,9000200,40624,50780,9300000,9300000
9,31,9300000,9300200,40624,50780,9600000,9600000
9,32,9600000,9600200,40624,50780,9900000,9900000
9,33,9900000,9900200,40624,50780,10200000,10200000
9,34,10200000,10200200,40624,50780,10500000,10500000
9,35,10500000,10500200,40624,50780,10800000,10800000
9,36,10800000,10800200,40624,50780,11100000,11100000
9,37,11100000,11100200,40624,50780,11400000,11400000
9,38,11400000,11400200,40624,50780,11700000,11700000
9,39,11700000,11700200,40624,50780,12000000,12000000
10,0,0,200,14983,18729,300000,300000
10,1,300000,300200,14983,18729,600000,600000
10,2,600000,600200,14983,18729,900000,900000
10,3,900000,900200,14983,18729,1200000,1200000
10,4,1200000,1200200,14983,18729,1500000,1500000
10,5,1500000,1500200,14983,18729,1800000,1800000
10,6,1800000,1800200,14983,18729,2100000,2100000
10,7,2100000,2100200,14983,18729,2400000,2400000
10,8,2400000,2400200,14983,18729,2700000,2700000
10,9,2700000,2700200,14983,18729,3000000,3000000
10,10,3000000,3000200,14983,18729,3300000,3300000
10,11,3300000,3300200,14983,18729,3600000,3600000
10,12,3600000,3600200,14983,18729,3900000,3900000
10,13,3900000,3900200,14983,18729,4200000,4200000
10,14,4200000,4200200,14983,18729,4500000,4500000
10,15,4500000,4500200,14983,18729,4800000,4800000
10,16,4800000,4800200,14983,18729,5100000,5100000
10,17,5100000,5100200,14983,18729,5400000,5400000
10,18,5400000,5400200,14983,18729,5700000,5700000
10,19,5700000,5700200,14983,18729,6000000,6000000
10,20,6000000,6000200,14983,18729,6300000,6300000
10,21,6300000,6300200,14983,18729,6600000,6600000
10,22,6600000,6600200,14983,18729,6900000,6900000
10,23,6900000,6900200,14983,18729,7200000,7200000
10,24,7200000,7200200,14983,18729,7500000,7500000
10,25,7500000,7500200,14983,18729,7800000,7800000
10,26,7800000,7800200,14983,18729,8100000,8100000
10,27,8100000,8100200,14983,18729,8400000,8400000
10,28,8400000,8400200,14983,18729,8700000,8700000
10,29,8700000,8700200,14983,18729,9000000,9000000
10,30,9000000,9000200,14983,18729,9300000,9300000
10,31,9300000,9300200,14983,18729,9600000,9600000
10,32,9600000,9600200,14983,18729,9900000,9900000
10,33,9900000,9900200,14983,18729,10200000,10200000
10,34,10200000,10200200,14983,18729,10500000,10500000
10,35,10500000,10500200,14983,18729,10800000,10800000
10,36,10800000,10800200,14983,18729,11100000,11100000
10,37,11100000,11100200,14983,18729,11400000,11400000
10,38,11400000,11400200,14983,18729,11700000,11700000
10,39,11700000,11700200,14983,18729,12000000,12000000
11,0,0,200,236292,295365,600000,600000
11,1,600000,600200,236292,295365,1200000,1200000
11,2,1200000,1200200,236292,295365,1800000,1800000
11,3,1800000,1800200,236292,295365,2400000,2400000
11,4,2400000,2400200,236292,295365,3000000,3000000
11,5,3000000,3000200,236292,295365,3600000,3600000
11,6,3600000,3600200,236292,295365,4200000,4200000
11,7,4200000,4200200,236292,295365,4800000,4800000
11,8,4800000,4800200,236292,295365,5400000,5400000
11,9,5400000,5400200,236292,295365,6000000,6000000
11,10,6000000,6000200,236292,295365,6600000,6600000
11,11,6600000,6600200,236292,295365,7200000,7200000
11,12,7200000,7200200,236292,295365,7800000,7800000
11,13,7800000,7800200,236292,295365,8400000,8400000
11,14,8400000,8400200,236292,295365,9000000,9000000
11,15,9000000,9000200,236292,295365,9600000,9600000
11,16,9600000,9600200,236292,295365,10200000,10200000
11,17,10200000,10200200,236292,295365,10800000,10800000
11,18,10800000,10800200,236292,295365,11400000,11400000
11,19,11400000,11400200,236292,295365,12000000,12000000
12,0,0,200,13795,17244,800000,800000
12,1,800000,800200,13795,17244,1600000,1600000
12,2,1600000,1600200,13795,17244,2400000,2400000
12,3,2400000,2400200,13795,17244,3200000,3200000
12,4,3200000,3200200,13795,17244,4000000,4000000
12,5,4000000,4000200,13795,17244,4800000,4800000
12,6,4800000,4800200,13795,17244,5600000,5600000
12,7,5600000,5600200,13795,17244,6400000,6400000
12,8,6400000,6400200,13795,17244,7200000,7200000
12,9,7200000,7200200,13795,17244,8000000,8000000
12,10,8000000,8000200,13795,17244,8800000,8800000
12,11,8800000,8800200,13795,17244,9600000,9600000
12,12,9600000,9600200,13795,17244,10400000,10400000
12,13,10400000,10400200,13795,17244,11200000,11200000
12,14,11200000,11200200,13795,17244,12000000,12000000
13,0,0,200,247964,309956,800000,800000
13,1,800000,800200,247964,309956,1600000,1600000
13,2,1600000,1600200,247964,309956,2400000,2400000
13,3,2400000,2400200,247964,309956,3200000,3200000
13,4,3200000,3200200,247964,309956,4000000,4000000
13,5,4000000,4000200,247964,309956,4800000,4800000
13,6,4800000,4800200,247964,309956,5600000,5600000
13,7,5600000,5600200,247964,309956,6400000,6400000
13,8,6400000,6400200,247964,309956,7200000,7200000
13,9,7200000,7200200,247964,309956,8000000,8000000
13,10,8000000,8000200,247964,309956,8800000,8800000
13,11,8800000,8800200,247964,309956,9600000,9600000
13,12,9600000,9600200,247964,309956,10400000,10400000
13,13,10400000,10400200,247964,309956,11200000,11200000
13,14,11200000,11200200,247964,309956,12000000,12000000
