Task ID, Job ID, BCCT, WCCT, BCRT, WCRT
0, 0, 18095, 54384, 18095, 54384
0, 1, 118095, 151311, 18095, 51311
0, 2, 218095, 240267, 18095, 40267
0, 3, 318095, 336475, 18095, 36475
0, 4, 418095, 440267, 18095, 40267
0, 5, 518095, 551311, 18095, 51311
0, 6, 618095, 651311, 18095, 51311
0, 7, 718095, 740267, 18095, 40267
0, 8, 818095, 843491, 18095, 43491
0, 9, 918095, 951311, 18095, 51311
0, 10, 1018095, 1051311, 18095, 51311
0, 11, 1118095, 1151311, 18095, 51311
0, 12, 1218095, 1251311, 18095, 51311
0, 13, 1318095, 1348699, 18095, 48699
0, 14, 1418095, 1440267, 18095, 40267
0, 15, 1518095, 1552752, 18095, 52752
0, 16, 1618095, 1648699, 18095, 48699
0, 17, 1718095, 1740267, 18095, 40267
0, 18, 1818095, 1836475, 18095, 36475
0, 19, 1918095, 1940267, 18095, 40267
0, 20, 2018095, 2051311, 18095, 51311
0, 21, 2118095, 2151311, 18095, 51311
0, 22, 2218095, 2251311, 18095, 51311
0, 23, 2318095, 2351277, 18095, 51277
0, 24, 2418095, 2451311, 18095, 51311
0, 25, 2518095, 2551311, 18095, 51311
0, 26, 2618095, 2640267, 18095, 40267
0, 27, 2718095, 2751311, 18095, 51311
0, 28, 2818095, 2849645, 18095, 49645
0, 29, 2918095, 2940267, 18095, 40267
0, 30, 3018095, 3052752, 18095, 52752
0, 31, 3118095, 3148699, 18095, 48699
0, 32, 3218095, 3240267, 18095, 40267
0, 33, 3318095, 3336475, 18095, 36475
0, 34, 3418095, 3440267, 18095, 40267
0, 35, 3518095, 3551311, 18095, 51311
0, 36, 3618095, 3651311, 18095, 51311
0, 37, 3718095, 3740267, 18095, 40267
0, 38, 3818095, 3843491, 18095, 43491
0, 39, 3918095, 3951311, 18095, 51311
0, 40, 4018095, 4051311, 18095, 51311
0, 41, 4118095, 4140267, 18095, 40267
0, 42, 4218095, 4251311, 18095, 51311
0, 43, 4318095, 4348699, 18095, 48699
0, 44, 4418095, 4451311, 18095, 51311
0, 45, 4518095, 4552752, 18095, 52752
0, 46, 4618095, 4648699, 18095, 48699
0, 47, 4718095, 4740267, 18095, 40267
0, 48, 4818095, 4836475, 18095, 36475
0, 49, 4918095, 4940267, 18095, 40267
0, 50, 5018095, 5051311, 18095, 51311
0, 51, 5118095, 5151311, 18095, 51311
0, 52, 5218095, 5240267, 18095, 40267
0, 53, 5318095, 5343491, 18095, 43491
0, 54, 5418095, 5451311, 18095, 51311
0, 55, 5518095, 5554384, 18095, 54384
0, 56, 5618095, 5651277, 18095, 51277
0, 57, 5718095, 5751311, 18095, 51311
0, 58, 5818095, 5848699, 18095, 48699
0, 59, 5918095, 5940267, 18095, 40267
0, 60, 6018095, 6052752, 18095, 52752
0, 61, 6118095, 6148699, 18095, 48699
0, 62, 6218095, 6240267, 18095, 40267
0, 63, 6318095, 6336475, 18095, 36475
0, 64, 6418095, 6440267, 18095, 40267
0, 65, 6518095, 6551311, 18095, 51311
0, 66, 6618095, 6652752, 18095, 52752
0, 67, 6718095, 6740267, 18095, 40267
0, 68, 6818095, 6846148, 18095, 46148
0, 69, 6918095, 6951311, 18095, 51311
0, 70, 7018095, 7051311, 18095, 51311
0, 71, 7118095, 7140267, 18095, 40267
0, 72, 7218095, 7251311, 18095, 51311
0, 73, 7318095, 7348699, 18095, 48699
0, 74, 7418095, 7440267, 18095, 40267
0, 75, 7518095, 7552752, 18095, 52752
0, 76, 7618095, 7648699, 18095, 48699
0, 77, 7718095, 7751311, 18095, 51311
0, 78, 7818095, 7843491, 18095, 43491
0, 79, 7918095, 7940267, 18095, 40267
0, 80, 8018095, 8051311, 18095, 51311
0, 81, 8118095, 8151311, 18095, 51311
0, 82, 8218095, 8240267, 18095, 40267
0, 83, 8318095, 8348204, 18095, 48204
0, 84, 8418095, 8451311, 18095, 51311
0, 85, 8518095, 8551311, 18095, 51311
0, 86, 8618095, 8640267, 18095, 40267
0, 87, 8718095, 8751311, 18095, 51311
0, 88, 8818095, 8848699, 18095, 48699
0, 89, 8918095, 8940267, 18095, 40267
0, 90, 9018095, 9052752, 18095, 52752
0, 91, 9118095, 9148699, 18095, 48699
0, 92, 9218095, 9240267, 18095, 40267
0, 93, 9318095, 9336475, 18095, 36475
0, 94, 9418095, 9440267, 18095, 40267
0, 95, 9518095, 9551311, 18095, 51311
0, 96, 9618095, 9651311, 18095, 51311
0, 97, 9718095, 9740267, 18095, 40267
0, 98, 9818095, 9843491, 18095, 43491
0, 99, 9918095, 9952752, 18095, 52752
0, 100, 10018095, 10051311, 18095, 51311
0, 101, 10118095, 10140267, 18095, 40267
0, 102, 10218095, 10251311, 18095, 51311
0, 103, 10318095, 10348699, 18095, 48699
0, 104, 10418095, 10440267, 18095, 40267
0, 105, 10518095, 10552752, 18095, 52752
0, 106, 10618095, 10648699, 18095, 48699
0, 107, 10718095, 10740267, 18095, 40267
0, 108, 10818095, 10836475, 18095, 36475
0, 109, 10918095, 10940267, 18095, 40267
0, 110, 11018095, 11054384, 18095, 54384
0, 111, 11118095, 11151311, 18095, 51311
0, 112, 11218095, 11240267, 18095, 40267
0, 113, 11318095, 11343491, 18095, 43491
0, 114, 11418095, 11451311, 18095, 51311
0, 115, 11518095, 11551311, 18095, 51311
0, 116, 11618095, 11640716, 18095, 40716
0, 117, 11718095, 11751311, 18095, 51311
0, 118, 11818095, 11848699, 18095, 48699
0, 119, 11918095, 11940267, 18095, 40267
0, 120, 12018095, 12052752, 18095, 52752
0, 121, 12118095, 12151311, 18095, 51311
0, 122, 12218095, 12240267, 18095, 40267
0, 123, 12318095, 12336475, 18095, 36475
0, 124, 12418095, 12440267, 18095, 40267
0, 125, 12518095, 12551311, 18095, 51311
0, 126, 12618095, 12651311, 18095, 51311
0, 127, 12718095, 12740267, 18095, 40267
0, 128, 12818095, 12846148, 18095, 46148
0, 129, 12918095, 12951311, 18095, 51311
0, 130, 13018095, 13051311, 18095, 51311
0, 131, 13118095, 13140267, 18095, 40267
0, 132, 13218095, 13252752, 18095, 52752
0, 133, 13318095, 13351311, 18095, 51311
0, 134, 13418095, 13440267, 18095, 40267
0, 135, 13518095, 13552752, 18095, 52752
0, 136, 13618095, 13648699, 18095, 48699
0, 137, 13718095, 13740267, 18095, 40267
0, 138, 13818095, 13837161, 18095, 37161
0, 139, 13918095, 13940267, 18095, 40267
0, 140, 14018095, 14051311, 18095, 51311
0, 141, 14118095, 14151311, 18095, 51311
0, 142, 14218095, 14240267, 18095, 40267
0, 143, 14318095, 14343491, 18095, 43491
0, 144, 14418095, 14451311, 18095, 51311
0, 145, 14518095, 14551311, 18095, 51311
0, 146, 14618095, 14640267, 18095, 40267
0, 147, 14718095, 14751311, 18095, 51311
0, 148, 14818095, 14848699, 18095, 48699
0, 149, 14918095, 14940267, 18095, 40267
0, 150, 15018095, 15052752, 18095, 52752
0, 151, 15118095, 15148699, 18095, 48699
0, 152, 15218095, 15240267, 18095, 40267
0, 153, 15318095, 15336475, 18095, 36475
0, 154, 15418095, 15451311, 18095, 51311
0, 155, 15518095, 15551311, 18095, 51311
0, 156, 15618095, 15651311, 18095, 51311
0, 157, 15718095, 15740267, 18095, 40267
0, 158, 15818095, 15843491, 18095, 43491
0, 159, 15918095, 15951311, 18095, 51311
0, 160, 16018095, 16051311, 18095, 51311
0, 161, 16118095, 16140267, 18095, 40267
0, 162, 16218095, 16251311, 18095, 51311
0, 163, 16318095, 16348699, 18095, 48699
0, 164, 16418095, 16440267, 18095, 40267
1, 0, 12060, 48512, 12060, 48512
1, 1, 112060, 146841, 12060, 46841
1, 2, 212060, 243768, 12060, 43768
1, 3, 312060, 345209, 12060, 45209
1, 4, 412060, 443768, 12060, 43768
1, 5, 512060, 546841, 12060, 46841
1, 6, 612060, 645209, 12060, 45209
1, 7, 712060, 743768, 12060, 43768
1, 8, 812060, 843768, 12060, 43768
1, 9, 912060, 945209, 12060, 45209
1, 10, 1012060, 1046841, 12060, 46841
1, 11, 1112060, 1146841, 12060, 46841
1, 12, 1212060, 1245209, 12060, 45209
1, 13, 1312060, 1343768, 12060, 43768
1, 14, 1412060, 1443768, 12060, 43768
1, 15, 1512060, 1546841, 12060, 46841
1, 16, 1612060, 1643768, 12060, 43768
1, 17, 1712060, 1743768, 12060, 43768
1, 18, 1812060, 1845209, 12060, 45209
1, 19, 1912060, 1943768, 12060, 43768
1, 20, 2012060, 2046841, 12060, 46841
1, 21, 2112060, 2145209, 12060, 45209
1, 22, 2212060, 2246841, 12060, 46841
1, 23, 2312060, 2343768, 12060, 43768
1, 24, 2412060, 2445209, 12060, 45209
1, 25, 2512060, 2546841, 12060, 46841
1, 26, 2612060, 2643768, 12060, 43768
1, 27, 2712060, 2745209, 12060, 45209
1, 28, 2812060, 2843768, 12060, 43768
1, 29, 2912060, 2943768, 12060, 43768
1, 30, 3012060, 3046841, 12060, 46841
1, 31, 3112060, 3143768, 12060, 43768
1, 32, 3212060, 3243768, 12060, 43768
1, 33, 3312060, 3346841, 12060, 46841
1, 34, 3412060, 3443768, 12060, 43768
1, 35, 3512060, 3546841, 12060, 46841
1, 36, 3612060, 3645209, 12060, 45209
1, 37, 3712060, 3743768, 12060, 43768
1, 38, 3812060, 3843768, 12060, 43768
1, 39, 3912060, 3945209, 12060, 45209
1, 40, 4012060, 4046841, 12060, 46841
1, 41, 4112060, 4143768, 12060, 43768
1, 42, 4212060, 4245209, 12060, 45209
1, 43, 4312060, 4343768, 12060, 43768
1, 44, 4412060, 4446841, 12060, 46841
1, 45, 4512060, 4546841, 12060, 46841
1, 46, 4612060, 4643768, 12060, 43768
1, 47, 4712060, 4743768, 12060, 43768
1, 48, 4812060, 4845209, 12060, 45209
1, 49, 4912060, 4943768, 12060, 43768
1, 50, 5012060, 5046841, 12060, 46841
1, 51, 5112060, 5145209, 12060, 45209
1, 52, 5212060, 5243768, 12060, 43768
1, 53, 5312060, 5343768, 12060, 43768
1, 54, 5412060, 5445209, 12060, 45209
1, 55, 5512060, 5548512, 12060, 48512
1, 56, 5612060, 5643768, 12060, 43768
1, 57, 5712060, 5745209, 12060, 45209
1, 58, 5812060, 5843768, 12060, 43768
1, 59, 5912060, 5943768, 12060, 43768
1, 60, 6012060, 6046841, 12060, 46841
1, 61, 6112060, 6143768, 12060, 43768
1, 62, 6212060, 6243768, 12060, 43768
1, 63, 6312060, 6345209, 12060, 45209
1, 64, 6412060, 6443768, 12060, 43768
1, 65, 6512060, 6546841, 12060, 46841
1, 66, 6612060, 6646841, 12060, 46841
1, 67, 6712060, 6743768, 12060, 43768
1, 68, 6812060, 6843768, 12060, 43768
1, 69, 6912060, 6945209, 12060, 45209
1, 70, 7012060, 7046841, 12060, 46841
1, 71, 7112060, 7143768, 12060, 43768
1, 72, 7212060, 7245209, 12060, 45209
1, 73, 7312060, 7343768, 12060, 43768
1, 74, 7412060, 7443768, 12060, 43768
1, 75, 7512060, 7546841, 12060, 46841
1, 76, 7612060, 7643768, 12060, 43768
1, 77, 7712060, 7746841, 12060, 46841
1, 78, 7812060, 7845209, 12060, 45209
1, 79, 7912060, 7943768, 12060, 43768
1, 80, 8012060, 8046841, 12060, 46841
1, 81, 8112060, 8145209, 12060, 45209
1, 82, 8212060, 8243768, 12060, 43768
1, 83, 8312060, 8343768, 12060, 43768
1, 84, 8412060, 8445209, 12060, 45209
1, 85, 8512060, 8546841, 12060, 46841
1, 86, 8612060, 8643768, 12060, 43768
1, 87, 8712060, 8745209, 12060, 45209
1, 88, 8812060, 8846841, 12060, 46841
1, 89, 8912060, 8943768, 12060, 43768
1, 90, 9012060, 9046841, 12060, 46841
1, 91, 9112060, 9143768, 12060, 43768
1, 92, 9212060, 9243768, 12060, 43768
1, 93, 9312060, 9345209, 12060, 45209
1, 94, 9412060, 9443768, 12060, 43768
1, 95, 9512060, 9546841, 12060, 46841
1, 96, 9612060, 9645209, 12060, 45209
1, 97, 9712060, 9743768, 12060, 43768
1, 98, 9812060, 9843768, 12060, 43768
1, 99, 9912060, 9946841, 12060, 46841
1, 100, 10012060, 10046841, 12060, 46841
1, 101, 10112060, 10143768, 12060, 43768
1, 102, 10212060, 10245209, 12060, 45209
1, 103, 10312060, 10343768, 12060, 43768
1, 104, 10412060, 10443768, 12060, 43768
1, 105, 10512060, 10546841, 12060, 46841
1, 106, 10612060, 10643768, 12060, 43768
1, 107, 10712060, 10743768, 12060, 43768
1, 108, 10812060, 10845209, 12060, 45209
1, 109, 10912060, 10943768, 12060, 43768
1, 110, 11012060, 11048512, 12060, 48512
1, 111, 11112060, 11145209, 12060, 45209
1, 112, 11212060, 11243768, 12060, 43768
1, 113, 11312060, 11343768, 12060, 43768
1, 114, 11412060, 11445209, 12060, 45209
1, 115, 11512060, 11546841, 12060, 46841
1, 116, 11612060, 11643768, 12060, 43768
1, 117, 11712060, 11745209, 12060, 45209
1, 118, 11812060, 11843768, 12060, 43768
1, 119, 11912060, 11943768, 12060, 43768
1, 120, 12012060, 12046841, 12060, 46841
1, 121, 12112060, 12146841, 12060, 46841
1, 122, 12212060, 12243768, 12060, 43768
1, 123, 12312060, 12345209, 12060, 45209
1, 124, 12412060, 12443768, 12060, 43768
1, 125, 12512060, 12546841, 12060, 46841
1, 126, 12612060, 12645209, 12060, 45209
1, 127, 12712060, 12743768, 12060, 43768
1, 128, 12812060, 12843768, 12060, 43768
1, 129, 12912060, 12945209, 12060, 45209
1, 130, 13012060, 13046841, 12060, 46841
1, 131, 13112060, 13143768, 12060, 43768
1, 132, 13212060, 13246841, 12060, 46841
1, 133, 13312060, 13346841, 12060, 46841
1, 134, 13412060, 13443768, 12060, 43768
1, 135, 13512060, 13546841, 12060, 46841
1, 136, 13612060, 13643768, 12060, 43768
1, 137, 13712060, 13743768, 12060, 43768
1, 138, 13812060, 13845209, 12060, 45209
1, 139, 13912060, 13943768, 12060, 43768
1, 140, 14012060, 14046841, 12060, 46841
1, 141, 14112060, 14145209, 12060, 45209
1, 142, 14212060, 14243768, 12060, 43768
1, 143, 14312060, 14346841, 12060, 46841
1, 144, 14412060, 14445209, 12060, 45209
1, 145, 14512060, 14546841, 12060, 46841
1, 146, 14612060, 14643768, 12060, 43768
1, 147, 14712060, 14745209, 12060, 45209
1, 148, 14812060, 14843768, 12060, 43768
1, 149, 14912060, 14943768, 12060, 43768
1, 150, 15012060, 15046841, 12060, 46841
1, 151, 15112060, 15143768, 12060, 43768
1, 152, 15212060, 15243768, 12060, 43768
1, 153, 15312060, 15345209, 12060, 45209
1, 154, 15412060, 15446841, 12060, 46841
1, 155, 15512060, 15546841, 12060, 46841
1, 156, 15612060, 15645209, 12060, 45209
1, 157, 15712060, 15743768, 12060, 43768
1, 158, 15812060, 15843768, 12060, 43768
1, 159, 15912060, 15945209, 12060, 45209
1, 160, 16012060, 16046841, 12060, 46841
1, 161, 16112060, 16143768, 12060, 43768
1, 162, 16212060, 16245209, 12060, 45209
1, 163, 16312060, 16343768, 12060, 43768
1, 164, 16412060, 16443768, 12060, 43768
2, 0, 26589, 80078, 26589, 80078
2, 1, 126589, 165002, 26589, 65002
2, 2, 226589, 261929, 26589, 61929
2, 3, 326589, 363370, 26589, 63370
2, 4, 426589, 461929, 26589, 61929
2, 5, 526589, 565002, 26589, 65002
2, 6, 626589, 663370, 26589, 63370
2, 7, 726589, 761929, 26589, 61929
2, 8, 826589, 861929, 26589, 61929
2, 9, 926589, 963370, 26589, 63370
2, 10, 1026589, 1065002, 26589, 65002
2, 11, 1126589, 1165002, 26589, 65002
2, 12, 1226589, 1263370, 26589, 63370
2, 13, 1326589, 1361929, 26589, 61929
2, 14, 1426589, 1461929, 26589, 61929
2, 15, 1526589, 1565002, 26589, 65002
2, 16, 1626589, 1661929, 26589, 61929
2, 17, 1726589, 1761929, 26589, 61929
2, 18, 1826589, 1863370, 26589, 63370
2, 19, 1926589, 1961929, 26589, 61929
2, 20, 2026589, 2065002, 26589, 65002
2, 21, 2126589, 2163370, 26589, 63370
2, 22, 2226589, 2265002, 26589, 65002
2, 23, 2326589, 2361929, 26589, 61929
2, 24, 2426589, 2463370, 26589, 63370
2, 25, 2526589, 2565002, 26589, 65002
2, 26, 2626589, 2661929, 26589, 61929
2, 27, 2726589, 2763370, 26589, 63370
2, 28, 2826589, 2861929, 26589, 61929
2, 29, 2926589, 2961929, 26589, 61929
2, 30, 3026589, 3065002, 26589, 65002
2, 31, 3126589, 3161929, 26589, 61929
2, 32, 3226589, 3261929, 26589, 61929
2, 33, 3326589, 3365002, 26589, 65002
2, 34, 3426589, 3461929, 26589, 61929
2, 35, 3526589, 3565002, 26589, 65002
2, 36, 3626589, 3663370, 26589, 63370
2, 37, 3726589, 3761929, 26589, 61929
2, 38, 3826589, 3861929, 26589, 61929
2, 39, 3926589, 3963370, 26589, 63370
2, 40, 4026589, 4065002, 26589, 65002
2, 41, 4126589, 4161929, 26589, 61929
2, 42, 4226589, 4263370, 26589, 63370
2, 43, 4326589, 4361929, 26589, 61929
2, 44, 4426589, 4465002, 26589, 65002
2, 45, 4526589, 4565002, 26589, 65002
2, 46, 4626589, 4661929, 26589, 61929
2, 47, 4726589, 4761929, 26589, 61929
2, 48, 4826589, 4863370, 26589, 63370
2, 49, 4926589, 4961929, 26589, 61929
2, 50, 5026589, 5065002, 26589, 65002
2, 51, 5126589, 5163370, 26589, 63370
2, 52, 5226589, 5261929, 26589, 61929
2, 53, 5326589, 5361929, 26589, 61929
2, 54, 5426589, 5463370, 26589, 63370
2, 55, 5526589, 5580078, 26589, 80078
2, 56, 5626589, 5661929, 26589, 61929
2, 57, 5726589, 5763370, 26589, 63370
2, 58, 5826589, 5861929, 26589, 61929
2, 59, 5926589, 5961929, 26589, 61929
2, 60, 6026589, 6065002, 26589, 65002
2, 61, 6126589, 6161929, 26589, 61929
2, 62, 6226589, 6261929, 26589, 61929
2, 63, 6326589, 6363370, 26589, 63370
2, 64, 6426589, 6461929, 26589, 61929
2, 65, 6526589, 6565002, 26589, 65002
2, 66, 6626589, 6665002, 26589, 65002
2, 67, 6726589, 6761929, 26589, 61929
2, 68, 6826589, 6861929, 26589, 61929
2, 69, 6926589, 6963370, 26589, 63370
2, 70, 7026589, 7065002, 26589, 65002
2, 71, 7126589, 7161929, 26589, 61929
2, 72, 7226589, 7263370, 26589, 63370
2, 73, 7326589, 7361929, 26589, 61929
2, 74, 7426589, 7461929, 26589, 61929
2, 75, 7526589, 7565002, 26589, 65002
2, 76, 7626589, 7661929, 26589, 61929
2, 77, 7726589, 7765002, 26589, 65002
2, 78, 7826589, 7863370, 26589, 63370
2, 79, 7926589, 7961929, 26589, 61929
2, 80, 8026589, 8065002, 26589, 65002
2, 81, 8126589, 8163370, 26589, 63370
2, 82, 8226589, 8261929, 26589, 61929
2, 83, 8326589, 8361929, 26589, 61929
2, 84, 8426589, 8463370, 26589, 63370
2, 85, 8526589, 8565002, 26589, 65002
2, 86, 8626589, 8661929, 26589, 61929
2, 87, 8726589, 8763370, 26589, 63370
2, 88, 8826589, 8865002, 26589, 65002
2, 89, 8926589, 8961929, 26589, 61929
2, 90, 9026589, 9065002, 26589, 65002
2, 91, 9126589, 9161929, 26589, 61929
2, 92, 9226589, 9261929, 26589, 61929
2, 93, 9326589, 9363370, 26589, 63370
2, 94, 9426589, 9461929, 26589, 61929
2, 95, 9526589, 9565002, 26589, 65002
2, 96, 9626589, 9663370, 26589, 63370
2, 97, 9726589, 9761929, 26589, 61929
2, 98, 9826589, 9861929, 26589, 61929
2, 99, 9926589, 9965002, 26589, 65002
2, 100, 10026589, 10065002, 26589, 65002
2, 101, 10126589, 10161929, 26589, 61929
2, 102, 10226589, 10263370, 26589, 63370
2, 103, 10326589, 10361929, 26589, 61929
2, 104, 10426589, 10461929, 26589, 61929
2, 105, 10526589, 10565002, 26589, 65002
2, 106, 10626589, 10661929, 26589, 61929
2, 107, 10726589, 10761929, 26589, 61929
2, 108, 10826589, 10863370, 26589, 63370
2, 109, 10926589, 10961929, 26589, 61929
2, 110, 11026589, 11080078, 26589, 80078
2, 111, 11126589, 11163370, 26589, 63370
2, 112, 11226589, 11261929, 26589, 61929
2, 113, 11326589, 11361929, 26589, 61929
2, 114, 11426589, 11463370, 26589, 63370
2, 115, 11526589, 11565002, 26589, 65002
2, 116, 11626589, 11661929, 26589, 61929
2, 117, 11726589, 11763370, 26589, 63370
2, 118, 11826589, 11861929, 26589, 61929
2, 119, 11926589, 11961929, 26589, 61929
2, 120, 12026589, 12065002, 26589, 65002
2, 121, 12126589, 12165002, 26589, 65002
2, 122, 12226589, 12261929, 26589, 61929
2, 123, 12326589, 12363370, 26589, 63370
2, 124, 12426589, 12461929, 26589, 61929
2, 125, 12526589, 12565002, 26589, 65002
2, 126, 12626589, 12663370, 26589, 63370
2, 127, 12726589, 12761929, 26589, 61929
2, 128, 12826589, 12861929, 26589, 61929
2, 129, 12926589, 12963370, 26589, 63370
2, 130, 13026589, 13065002, 26589, 65002
2, 131, 13126589, 13161929, 26589, 61929
2, 132, 13226589, 13265002, 26589, 65002
2, 133, 13326589, 13365002, 26589, 65002
2, 134, 13426589, 13461929, 26589, 61929
2, 135, 13526589, 13565002, 26589, 65002
2, 136, 13626589, 13661929, 26589, 61929
2, 137, 13726589, 13761929, 26589, 61929
2, 138, 13826589, 13863370, 26589, 63370
2, 139, 13926589, 13961929, 26589, 61929
2, 140, 14026589, 14065002, 26589, 65002
2, 141, 14126589, 14163370, 26589, 63370
2, 142, 14226589, 14261929, 26589, 61929
2, 143, 14326589, 14365002, 26589, 65002
2, 144, 14426589, 14463370, 26589, 63370
2, 145, 14526589, 14565002, 26589, 65002
2, 146, 14626589, 14661929, 26589, 61929
2, 147, 14726589, 14763370, 26589, 63370
2, 148, 14826589, 14861929, 26589, 61929
2, 149, 14926589, 14961929, 26589, 61929
2, 150, 15026589, 15065002, 26589, 65002
2, 151, 15126589, 15161929, 26589, 61929
2, 152, 15226589, 15261929, 26589, 61929
2, 153, 15326589, 15363370, 26589, 63370
2, 154, 15426589, 15465002, 26589, 65002
2, 155, 15526589, 15565002, 26589, 65002
2, 156, 15626589, 15663370, 26589, 63370
2, 157, 15726589, 15761929, 26589, 61929
2, 158, 15826589, 15861929, 26589, 61929
2, 159, 15926589, 15963370, 26589, 63370
2, 160, 16026589, 16065002, 26589, 65002
2, 161, 16126589, 16161929, 26589, 61929
2, 162, 16226589, 16263370, 26589, 63370
2, 163, 16326589, 16361929, 26589, 61929
2, 164, 16426589, 16461929, 26589, 61929
3, 0, 25252, 79003, 25252, 79003
3, 1, 125252, 165932, 25252, 65932
3, 2, 225252, 260258, 25252, 60258
3, 3, 325252, 361699, 25252, 61699
3, 4, 425252, 460258, 25252, 60258
3, 5, 525252, 565002, 25252, 65002
3, 6, 625252, 661699, 25252, 61699
3, 7, 725252, 760258, 25252, 60258
3, 8, 825252, 860258, 25252, 60258
3, 9, 925252, 961699, 25252, 61699
3, 10, 1025252, 1065002, 25252, 65002
3, 11, 1125252, 1165002, 25252, 65002
3, 12, 1225252, 1261699, 25252, 61699
3, 13, 1325252, 1360258, 25252, 60258
3, 14, 1425252, 1460258, 25252, 60258
3, 15, 1525252, 1574168, 25252, 74168
3, 16, 1625252, 1660258, 25252, 60258
3, 17, 1725252, 1760258, 25252, 60258
3, 18, 1825252, 1861699, 25252, 61699
3, 19, 1925252, 1960258, 25252, 60258
3, 20, 2025252, 2065002, 25252, 65002
3, 21, 2125252, 2161699, 25252, 61699
3, 22, 2225252, 2265002, 25252, 65002
3, 23, 2325252, 2360258, 25252, 60258
3, 24, 2425252, 2461699, 25252, 61699
3, 25, 2525252, 2565002, 25252, 65002
3, 26, 2625252, 2660258, 25252, 60258
3, 27, 2725252, 2761699, 25252, 61699
3, 28, 2825252, 2860258, 25252, 60258
3, 29, 2925252, 2960258, 25252, 60258
3, 30, 3025252, 3074168, 25252, 74168
3, 31, 3125252, 3160258, 25252, 60258
3, 32, 3225252, 3260258, 25252, 60258
3, 33, 3325252, 3368041, 25252, 68041
3, 34, 3425252, 3460258, 25252, 60258
3, 35, 3525252, 3565002, 25252, 65002
3, 36, 3625252, 3661699, 25252, 61699
3, 37, 3725252, 3760258, 25252, 60258
3, 38, 3825252, 3860258, 25252, 60258
3, 39, 3925252, 3961699, 25252, 61699
3, 40, 4025252, 4065002, 25252, 65002
3, 41, 4125252, 4160258, 25252, 60258
3, 42, 4225252, 4261699, 25252, 61699
3, 43, 4325252, 4360258, 25252, 60258
3, 44, 4425252, 4465002, 25252, 65002
3, 45, 4525252, 4574168, 25252, 74168
3, 46, 4625252, 4660258, 25252, 60258
3, 47, 4725252, 4760258, 25252, 60258
3, 48, 4825252, 4861699, 25252, 61699
3, 49, 4925252, 4960258, 25252, 60258
3, 50, 5025252, 5065002, 25252, 65002
3, 51, 5125252, 5161699, 25252, 61699
3, 52, 5225252, 5260258, 25252, 60258
3, 53, 5325252, 5360258, 25252, 60258
3, 54, 5425252, 5461699, 25252, 61699
3, 55, 5525252, 5579003, 25252, 79003
3, 56, 5625252, 5660258, 25252, 60258
3, 57, 5725252, 5761699, 25252, 61699
3, 58, 5825252, 5860258, 25252, 60258
3, 59, 5925252, 5960258, 25252, 60258
3, 60, 6025252, 6074168, 25252, 74168
3, 61, 6125252, 6160258, 25252, 60258
3, 62, 6225252, 6260258, 25252, 60258
3, 63, 6325252, 6361699, 25252, 61699
3, 64, 6425252, 6460258, 25252, 60258
3, 65, 6525252, 6565002, 25252, 65002
3, 66, 6625252, 6674168, 25252, 74168
3, 67, 6725252, 6760258, 25252, 60258
3, 68, 6825252, 6860258, 25252, 60258
3, 69, 6925252, 6961699, 25252, 61699
3, 70, 7025252, 7065002, 25252, 65002
3, 71, 7125252, 7160258, 25252, 60258
3, 72, 7225252, 7261699, 25252, 61699
3, 73, 7325252, 7360258, 25252, 60258
3, 74, 7425252, 7460258, 25252, 60258
3, 75, 7525252, 7574168, 25252, 74168
3, 76, 7625252, 7660258, 25252, 60258
3, 77, 7725252, 7765002, 25252, 65002
3, 78, 7825252, 7861699, 25252, 61699
3, 79, 7925252, 7960258, 25252, 60258
3, 80, 8025252, 8065002, 25252, 65002
3, 81, 8125252, 8161699, 25252, 61699
3, 82, 8225252, 8260258, 25252, 60258
3, 83, 8325252, 8360258, 25252, 60258
3, 84, 8425252, 8461699, 25252, 61699
3, 85, 8525252, 8565002, 25252, 65002
3, 86, 8625252, 8660258, 25252, 60258
3, 87, 8725252, 8761699, 25252, 61699
3, 88, 8825252, 8871833, 25252, 71833
3, 89, 8925252, 8960258, 25252, 60258
3, 90, 9025252, 9074168, 25252, 74168
3, 91, 9125252, 9160258, 25252, 60258
3, 92, 9225252, 9260258, 25252, 60258
3, 93, 9325252, 9361699, 25252, 61699
3, 94, 9425252, 9460258, 25252, 60258
3, 95, 9525252, 9565002, 25252, 65002
3, 96, 9625252, 9661699, 25252, 61699
3, 97, 9725252, 9760258, 25252, 60258
3, 98, 9825252, 9860258, 25252, 60258
3, 99, 9925252, 9974168, 25252, 74168
3, 100, 10025252, 10065002, 25252, 65002
3, 101, 10125252, 10160258, 25252, 60258
3, 102, 10225252, 10261699, 25252, 61699
3, 103, 10325252, 10360258, 25252, 60258
3, 104, 10425252, 10460258, 25252, 60258
3, 105, 10525252, 10574168, 25252, 74168
3, 106, 10625252, 10660258, 25252, 60258
3, 107, 10725252, 10760258, 25252, 60258
3, 108, 10825252, 10861699, 25252, 61699
3, 109, 10925252, 10960258, 25252, 60258
3, 110, 11025252, 11079003, 25252, 79003
3, 111, 11125252, 11161699, 25252, 61699
3, 112, 11225252, 11260258, 25252, 60258
3, 113, 11325252, 11360258, 25252, 60258
3, 114, 11425252, 11461699, 25252, 61699
3, 115, 11525252, 11565002, 25252, 65002
3, 116, 11625252, 11660258, 25252, 60258
3, 117, 11725252, 11761699, 25252, 61699
3, 118, 11825252, 11860258, 25252, 60258
3, 119, 11925252, 11960258, 25252, 60258
3, 120, 12025252, 12074168, 25252, 74168
3, 121, 12125252, 12171833, 25252, 71833
3, 122, 12225252, 12260258, 25252, 60258
3, 123, 12325252, 12361699, 25252, 61699
3, 124, 12425252, 12460258, 25252, 60258
3, 125, 12525252, 12565002, 25252, 65002
3, 126, 12625252, 12661699, 25252, 61699
3, 127, 12725252, 12760258, 25252, 60258
3, 128, 12825252, 12860258, 25252, 60258
3, 129, 12925252, 12961699, 25252, 61699
3, 130, 13025252, 13065002, 25252, 65002
3, 131, 13125252, 13160258, 25252, 60258
3, 132, 13225252, 13274168, 25252, 74168
3, 133, 13325252, 13365002, 25252, 65002
3, 134, 13425252, 13460258, 25252, 60258
3, 135, 13525252, 13574168, 25252, 74168
3, 136, 13625252, 13660258, 25252, 60258
3, 137, 13725252, 13760258, 25252, 60258
3, 138, 13825252, 13861699, 25252, 61699
3, 139, 13925252, 13960258, 25252, 60258
3, 140, 14025252, 14065002, 25252, 65002
3, 141, 14125252, 14161699, 25252, 61699
3, 142, 14225252, 14260258, 25252, 60258
3, 143, 14325252, 14367514, 25252, 67514
3, 144, 14425252, 14461699, 25252, 61699
3, 145, 14525252, 14565002, 25252, 65002
3, 146, 14625252, 14660258, 25252, 60258
3, 147, 14725252, 14761699, 25252, 61699
3, 148, 14825252, 14860258, 25252, 60258
3, 149, 14925252, 14960258, 25252, 60258
3, 150, 15025252, 15074168, 25252, 74168
3, 151, 15125252, 15160258, 25252, 60258
3, 152, 15225252, 15260258, 25252, 60258
3, 153, 15325252, 15361699, 25252, 61699
3, 154, 15425252, 15465002, 25252, 65002
3, 155, 15525252, 15565002, 25252, 65002
3, 156, 15625252, 15661699, 25252, 61699
3, 157, 15725252, 15760258, 25252, 60258
3, 158, 15825252, 15860258, 25252, 60258
3, 159, 15925252, 15961699, 25252, 61699
3, 160, 16025252, 16065002, 25252, 65002
3, 161, 16125252, 16160258, 25252, 60258
3, 162, 16225252, 16261699, 25252, 61699
3, 163, 16325252, 16360258, 25252, 60258
3, 164, 16425252, 16460258, 25252, 60258
4, 0, 8527, 61970, 8527, 61970
4, 1, 108527, 149979, 8527, 49979
4, 2, 208527, 243383, 8527, 43383
4, 3, 308527, 345718, 8527, 45718
4, 4, 408527, 443383, 8527, 43383
4, 5, 508527, 550926, 8527, 50926
4, 6, 608527, 645718, 8527, 45718
4, 7, 708527, 743383, 8527, 43383
4, 8, 808527, 844095, 8527, 44095
4, 9, 908527, 945718, 8527, 45718
4, 10, 1008527, 1050926, 8527, 50926
4, 11, 1108527, 1150926, 8527, 50926
4, 12, 1208527, 1245718, 8527, 45718
4, 13, 1308527, 1344095, 8527, 44095
4, 14, 1408527, 1443383, 8527, 43383
4, 15, 1508527, 1555868, 8527, 55868
4, 16, 1608527, 1644095, 8527, 44095
4, 17, 1708527, 1743383, 8527, 43383
4, 18, 1808527, 1845718, 8527, 45718
4, 19, 1908527, 1943383, 8527, 43383
4, 20, 2008527, 2050926, 8527, 50926
4, 21, 2108527, 2145718, 8527, 45718
4, 22, 2208527, 2250926, 8527, 50926
4, 23, 2308527, 2344095, 8527, 44095
4, 24, 2408527, 2445718, 8527, 45718
4, 25, 2508527, 2550926, 8527, 50926
4, 26, 2608527, 2643383, 8527, 43383
4, 27, 2708527, 2745718, 8527, 45718
4, 28, 2808527, 2844095, 8527, 44095
4, 29, 2908527, 2943383, 8527, 43383
4, 30, 3008527, 3055868, 8527, 55868
4, 31, 3108527, 3144095, 8527, 44095
4, 32, 3208527, 3243383, 8527, 43383
4, 33, 3308527, 3354427, 8527, 54427
4, 34, 3408527, 3443383, 8527, 43383
4, 35, 3508527, 3550926, 8527, 50926
4, 36, 3608527, 3645718, 8527, 45718
4, 37, 3708527, 3743383, 8527, 43383
4, 38, 3808527, 3844095, 8527, 44095
4, 39, 3908527, 3945718, 8527, 45718
4, 40, 4008527, 4050926, 8527, 50926
4, 41, 4108527, 4143383, 8527, 43383
4, 42, 4208527, 4245718, 8527, 45718
4, 43, 4308527, 4344095, 8527, 44095
4, 44, 4408527, 4450926, 8527, 50926
4, 45, 4508527, 4555868, 8527, 55868
4, 46, 4608527, 4644095, 8527, 44095
4, 47, 4708527, 4743383, 8527, 43383
4, 48, 4808527, 4845718, 8527, 45718
4, 49, 4908527, 4943383, 8527, 43383
4, 50, 5008527, 5050926, 8527, 50926
4, 51, 5108527, 5145718, 8527, 45718
4, 52, 5208527, 5243383, 8527, 43383
4, 53, 5308527, 5344095, 8527, 44095
4, 54, 5408527, 5445718, 8527, 45718
4, 55, 5508527, 5559171, 8527, 59171
4, 56, 5608527, 5644095, 8527, 44095
4, 57, 5708527, 5745718, 8527, 45718
4, 58, 5808527, 5844095, 8527, 44095
4, 59, 5908527, 5943383, 8527, 43383
4, 60, 6008527, 6055868, 8527, 55868
4, 61, 6108527, 6149979, 8527, 49979
4, 62, 6208527, 6243383, 8527, 43383
4, 63, 6308527, 6345718, 8527, 45718
4, 64, 6408527, 6443383, 8527, 43383
4, 65, 6508527, 6550926, 8527, 50926
4, 66, 6608527, 6655868, 8527, 55868
4, 67, 6708527, 6743383, 8527, 43383
4, 68, 6808527, 6844095, 8527, 44095
4, 69, 6908527, 6945718, 8527, 45718
4, 70, 7008527, 7050926, 8527, 50926
4, 71, 7108527, 7143383, 8527, 43383
4, 72, 7208527, 7245718, 8527, 45718
4, 73, 7308527, 7344095, 8527, 44095
4, 74, 7408527, 7443383, 8527, 43383
4, 75, 7508527, 7555868, 8527, 55868
4, 76, 7608527, 7644095, 8527, 44095
4, 77, 7708527, 7750926, 8527, 50926
4, 78, 7808527, 7846607, 8527, 46607
4, 79, 7908527, 7943383, 8527, 43383
4, 80, 8008527, 8050926, 8527, 50926
4, 81, 8108527, 8145718, 8527, 45718
4, 82, 8208527, 8243383, 8527, 43383
4, 83, 8308527, 8344095, 8527, 44095
4, 84, 8408527, 8445718, 8527, 45718
4, 85, 8508527, 8550926, 8527, 50926
4, 86, 8608527, 8643383, 8527, 43383
4, 87, 8708527, 8745718, 8527, 45718
4, 88, 8808527, 8854427, 8527, 54427
4, 89, 8908527, 8943383, 8527, 43383
4, 90, 9008527, 9055868, 8527, 55868
4, 91, 9108527, 9144095, 8527, 44095
4, 92, 9208527, 9243383, 8527, 43383
4, 93, 9308527, 9345718, 8527, 45718
4, 94, 9408527, 9443383, 8527, 43383
4, 95, 9508527, 9550926, 8527, 50926
4, 96, 9608527, 9645718, 8527, 45718
4, 97, 9708527, 9743383, 8527, 43383
4, 98, 9808527, 9844095, 8527, 44095
4, 99, 9908527, 9955868, 8527, 55868
4, 100, 10008527, 10050926, 8527, 50926
4, 101, 10108527, 10143383, 8527, 43383
4, 102, 10208527, 10245718, 8527, 45718
4, 103, 10308527, 10344095, 8527, 44095
4, 104, 10408527, 10443383, 8527, 43383
4, 105, 10508527, 10555868, 8527, 55868
4, 106, 10608527, 10644095, 8527, 44095
4, 107, 10708527, 10743383, 8527, 43383
4, 108, 10808527, 10845718, 8527, 45718
4, 109, 10908527, 10943383, 8527, 43383
4, 110, 11008527, 11059171, 8527, 59171
4, 111, 11108527, 11145718, 8527, 45718
4, 112, 11208527, 11243383, 8527, 43383
4, 113, 11308527, 11344095, 8527, 44095
4, 114, 11408527, 11445718, 8527, 45718
4, 115, 11508527, 11550926, 8527, 50926
4, 116, 11608527, 11643832, 8527, 43832
4, 117, 11708527, 11745718, 8527, 45718
4, 118, 11808527, 11844095, 8527, 44095
4, 119, 11908527, 11943383, 8527, 43383
4, 120, 12008527, 12055868, 8527, 55868
4, 121, 12108527, 12154427, 8527, 54427
4, 122, 12208527, 12243383, 8527, 43383
4, 123, 12308527, 12345718, 8527, 45718
4, 124, 12408527, 12443383, 8527, 43383
4, 125, 12508527, 12550926, 8527, 50926
4, 126, 12608527, 12645718, 8527, 45718
4, 127, 12708527, 12743383, 8527, 43383
4, 128, 12808527, 12844095, 8527, 44095
4, 129, 12908527, 12945718, 8527, 45718
4, 130, 13008527, 13050926, 8527, 50926
4, 131, 13108527, 13143383, 8527, 43383
4, 132, 13208527, 13255868, 8527, 55868
4, 133, 13308527, 13345025, 8527, 45025
4, 134, 13408527, 13443383, 8527, 43383
4, 135, 13508527, 13555868, 8527, 55868
4, 136, 13608527, 13644095, 8527, 44095
4, 137, 13708527, 13743383, 8527, 43383
4, 138, 13808527, 13845718, 8527, 45718
4, 139, 13908527, 13943383, 8527, 43383
4, 140, 14008527, 14050926, 8527, 50926
4, 141, 14108527, 14145718, 8527, 45718
4, 142, 14208527, 14243383, 8527, 43383
4, 143, 14308527, 14354150, 8527, 54150
4, 144, 14408527, 14445718, 8527, 45718
4, 145, 14508527, 14550926, 8527, 50926
4, 146, 14608527, 14643383, 8527, 43383
4, 147, 14708527, 14745718, 8527, 45718
4, 148, 14808527, 14844095, 8527, 44095
4, 149, 14908527, 14943383, 8527, 43383
4, 150, 15008527, 15055868, 8527, 55868
4, 151, 15108527, 15144095, 8527, 44095
4, 152, 15208527, 15243383, 8527, 43383
4, 153, 15308527, 15345718, 8527, 45718
4, 154, 15408527, 15450926, 8527, 50926
4, 155, 15508527, 15550926, 8527, 50926
4, 156, 15608527, 15645718, 8527, 45718
4, 157, 15708527, 15743383, 8527, 43383
4, 158, 15808527, 15844095, 8527, 44095
4, 159, 15908527, 15945718, 8527, 45718
4, 160, 16008527, 16050926, 8527, 50926
4, 161, 16108527, 16143383, 8527, 43383
4, 162, 16208527, 16245718, 8527, 45718
4, 163, 16308527, 16344095, 8527, 44095
4, 164, 16408527, 16443383, 8527, 43383
5, 0, 10254, 74788, 10254, 74788
5, 1, 110254, 156586, 10254, 56586
5, 2, 210254, 246254, 10254, 46254
5, 3, 310254, 349293, 10254, 49293
5, 4, 410254, 446254, 10254, 46254
5, 5, 510254, 563744, 10254, 63744
5, 6, 610254, 655420, 10254, 55420
5, 7, 710254, 746254, 10254, 46254
5, 8, 810254, 850712, 10254, 50712
5, 9, 910254, 955420, 10254, 55420
5, 10, 1010254, 1063744, 10254, 63744
5, 11, 1110254, 1160255, 10254, 60255
5, 12, 1210254, 1255420, 10254, 55420
5, 13, 1310254, 1353085, 10254, 53085
5, 14, 1410254, 1446254, 10254, 46254
5, 15, 1510254, 1568686, 10254, 68686
5, 16, 1610254, 1653085, 10254, 53085
5, 17, 1710254, 1746254, 10254, 46254
5, 18, 1810254, 1849293, 10254, 49293
5, 19, 1910254, 1946254, 10254, 46254
5, 20, 2010254, 2063744, 10254, 63744
5, 21, 2110254, 2155420, 10254, 55420
5, 22, 2210254, 2260255, 10254, 60255
5, 23, 2310254, 2353085, 10254, 53085
5, 24, 2410254, 2455420, 10254, 55420
5, 25, 2510254, 2563744, 10254, 63744
5, 26, 2610254, 2646254, 10254, 46254
5, 27, 2710254, 2755420, 10254, 55420
5, 28, 2810254, 2853085, 10254, 53085
5, 29, 2910254, 2946254, 10254, 46254
5, 30, 3010254, 3068686, 10254, 68686
5, 31, 3110254, 3153085, 10254, 53085
5, 32, 3210254, 3246254, 10254, 46254
5, 33, 3310254, 3360255, 10254, 60255
5, 34, 3410254, 3446254, 10254, 46254
5, 35, 3510254, 3563744, 10254, 63744
5, 36, 3610254, 3655420, 10254, 55420
5, 37, 3710254, 3746254, 10254, 46254
5, 38, 3810254, 3850712, 10254, 50712
5, 39, 3910254, 3955420, 10254, 55420
5, 40, 4010254, 4063744, 10254, 63744
5, 41, 4110254, 4146254, 10254, 46254
5, 42, 4210254, 4255420, 10254, 55420
5, 43, 4310254, 4353085, 10254, 53085
5, 44, 4410254, 4460255, 10254, 60255
5, 45, 4510254, 4568686, 10254, 68686
5, 46, 4610254, 4653085, 10254, 53085
5, 47, 4710254, 4746254, 10254, 46254
5, 48, 4810254, 4849293, 10254, 49293
5, 49, 4910254, 4946254, 10254, 46254
5, 50, 5010254, 5063744, 10254, 63744
5, 51, 5110254, 5155420, 10254, 55420
5, 52, 5210254, 5246254, 10254, 46254
5, 53, 5310254, 5350712, 10254, 50712
5, 54, 5410254, 5455420, 10254, 55420
5, 55, 5510254, 5571989, 10254, 71989
5, 56, 5610254, 5653085, 10254, 53085
5, 57, 5710254, 5755420, 10254, 55420
5, 58, 5810254, 5853085, 10254, 53085
5, 59, 5910254, 5946254, 10254, 46254
5, 60, 6010254, 6068686, 10254, 68686
5, 61, 6110254, 6153974, 10254, 53974
5, 62, 6210254, 6246254, 10254, 46254
5, 63, 6310254, 6349293, 10254, 49293
5, 64, 6410254, 6446254, 10254, 46254
5, 65, 6510254, 6563744, 10254, 63744
5, 66, 6610254, 6660255, 10254, 60255
5, 67, 6710254, 6746254, 10254, 46254
5, 68, 6810254, 6851423, 10254, 51423
5, 69, 6910254, 6955420, 10254, 55420
5, 70, 7010254, 7063744, 10254, 63744
5, 71, 7110254, 7146254, 10254, 46254
5, 72, 7210254, 7255420, 10254, 55420
5, 73, 7310254, 7353085, 10254, 53085
5, 74, 7410254, 7446254, 10254, 46254
5, 75, 7510254, 7568686, 10254, 68686
5, 76, 7610254, 7653085, 10254, 53085
5, 77, 7710254, 7760255, 10254, 60255
5, 78, 7810254, 7856309, 10254, 56309
5, 79, 7910254, 7946254, 10254, 46254
5, 80, 8010254, 8063744, 10254, 63744
5, 81, 8110254, 8155420, 10254, 55420
5, 82, 8210254, 8246254, 10254, 46254
5, 83, 8310254, 8353085, 10254, 53085
5, 84, 8410254, 8455420, 10254, 55420
5, 85, 8510254, 8563744, 10254, 63744
5, 86, 8610254, 8646254, 10254, 46254
5, 87, 8710254, 8755420, 10254, 55420
5, 88, 8810254, 8860255, 10254, 60255
5, 89, 8910254, 8946254, 10254, 46254
5, 90, 9010254, 9068686, 10254, 68686
5, 91, 9110254, 9153085, 10254, 53085
5, 92, 9210254, 9246254, 10254, 46254
5, 93, 9310254, 9349293, 10254, 49293
5, 94, 9410254, 9446254, 10254, 46254
5, 95, 9510254, 9563744, 10254, 63744
5, 96, 9610254, 9655420, 10254, 55420
5, 97, 9710254, 9746254, 10254, 46254
5, 98, 9810254, 9850712, 10254, 50712
5, 99, 9910254, 9960255, 10254, 60255
5, 100, 10010254, 10063744, 10254, 63744
5, 101, 10110254, 10146254, 10254, 46254
5, 102, 10210254, 10255420, 10254, 55420
5, 103, 10310254, 10353085, 10254, 53085
5, 104, 10410254, 10446254, 10254, 46254
5, 105, 10510254, 10568686, 10254, 68686
5, 106, 10610254, 10653085, 10254, 53085
5, 107, 10710254, 10746254, 10254, 46254
5, 108, 10810254, 10849293, 10254, 49293
5, 109, 10910254, 10946254, 10254, 46254
5, 110, 11010254, 11071989, 10254, 71989
5, 111, 11110254, 11155420, 10254, 55420
5, 112, 11210254, 11246254, 10254, 46254
5, 113, 11310254, 11350712, 10254, 50712
5, 114, 11410254, 11455420, 10254, 55420
5, 115, 11510254, 11563744, 10254, 63744
5, 116, 11610254, 11650712, 10254, 50712
5, 117, 11710254, 11755420, 10254, 55420
5, 118, 11810254, 11853085, 10254, 53085
5, 119, 11910254, 11946254, 10254, 46254
5, 120, 12010254, 12068686, 10254, 68686
5, 121, 12110254, 12160255, 10254, 60255
5, 122, 12210254, 12246254, 10254, 46254
5, 123, 12310254, 12349293, 10254, 49293
5, 124, 12410254, 12446254, 10254, 46254
5, 125, 12510254, 12563744, 10254, 63744
5, 126, 12610254, 12655420, 10254, 55420
5, 127, 12710254, 12746254, 10254, 46254
5, 128, 12810254, 12851423, 10254, 51423
5, 129, 12910254, 12955420, 10254, 55420
5, 130, 13010254, 13063744, 10254, 63744
5, 131, 13110254, 13146254, 10254, 46254
5, 132, 13210254, 13260255, 10254, 60255
5, 133, 13310254, 13353085, 10254, 53085
5, 134, 13410254, 13446254, 10254, 46254
5, 135, 13510254, 13568686, 10254, 68686
5, 136, 13610254, 13653085, 10254, 53085
5, 137, 13710254, 13746254, 10254, 46254
5, 138, 13810254, 13849979, 10254, 49979
5, 139, 13910254, 13946254, 10254, 46254
5, 140, 14010254, 14063744, 10254, 63744
5, 141, 14110254, 14155420, 10254, 55420
5, 142, 14210254, 14246254, 10254, 46254
5, 143, 14310254, 14360255, 10254, 60255
5, 144, 14410254, 14455420, 10254, 55420
5, 145, 14510254, 14563744, 10254, 63744
5, 146, 14610254, 14646254, 10254, 46254
5, 147, 14710254, 14755420, 10254, 55420
5, 148, 14810254, 14853085, 10254, 53085
5, 149, 14910254, 14946254, 10254, 46254
5, 150, 15010254, 15068686, 10254, 68686
5, 151, 15110254, 15153085, 10254, 53085
5, 152, 15210254, 15246254, 10254, 46254
5, 153, 15310254, 15349293, 10254, 49293
5, 154, 15410254, 15460255, 10254, 60255
5, 155, 15510254, 15563744, 10254, 63744
5, 156, 15610254, 15655420, 10254, 55420
5, 157, 15710254, 15746254, 10254, 46254
5, 158, 15810254, 15850712, 10254, 50712
5, 159, 15910254, 15955420, 10254, 55420
5, 160, 16010254, 16063744, 10254, 63744
5, 161, 16110254, 16146254, 10254, 46254
5, 162, 16210254, 16255420, 10254, 55420
5, 163, 16310254, 16353085, 10254, 53085
5, 164, 16410254, 16446254, 10254, 46254
6, 0, 22794, 92348, 22794, 92348
6, 1, 122794, 173518, 22794, 73518
6, 2, 222794, 261217, 22794, 61217
6, 3, 322794, 371876, 22794, 71876
6, 4, 422794, 461217, 22794, 61217
6, 5, 522794, 579378, 22794, 79378
6, 6, 622794, 671876, 22794, 71876
6, 7, 722794, 761217, 22794, 61217
6, 8, 822794, 870917, 22794, 70917
6, 9, 922794, 970917, 22794, 70917
6, 10, 1022794, 1079378, 22794, 79378
6, 11, 1122794, 1175930, 22794, 75930
6, 12, 1222794, 1270917, 22794, 70917
6, 13, 1322794, 1370917, 22794, 70917
6, 14, 1422794, 1461217, 22794, 61217
6, 15, 1522794, 1591863, 22794, 91863
6, 16, 1622794, 1670917, 22794, 70917
6, 17, 1722794, 1761971, 22794, 61971
6, 18, 1822794, 1871876, 22794, 71876
6, 19, 1922794, 1961217, 22794, 61217
6, 20, 2022794, 2079378, 22794, 79378
6, 21, 2122794, 2170917, 22794, 70917
6, 22, 2222794, 2275930, 22794, 75930
6, 23, 2322794, 2370917, 22794, 70917
6, 24, 2422794, 2470917, 22794, 70917
6, 25, 2522794, 2579378, 22794, 79378
6, 26, 2622794, 2661971, 22794, 61971
6, 27, 2722794, 2770917, 22794, 70917
6, 28, 2822794, 2871876, 22794, 71876
6, 29, 2922794, 2961217, 22794, 61217
6, 30, 3022794, 3091863, 22794, 91863
6, 31, 3122794, 3170917, 22794, 70917
6, 32, 3222794, 3261217, 22794, 61217
6, 33, 3322794, 3375930, 22794, 75930
6, 34, 3422794, 3461971, 22794, 61971
6, 35, 3522794, 3579378, 22794, 79378
6, 36, 3622794, 3670917, 22794, 70917
6, 37, 3722794, 3761217, 22794, 61217
6, 38, 3822794, 3870917, 22794, 70917
6, 39, 3922794, 3970917, 22794, 70917
6, 40, 4022794, 4079378, 22794, 79378
6, 41, 4122794, 4161971, 22794, 61971
6, 42, 4222794, 4270917, 22794, 70917
6, 43, 4322794, 4370917, 22794, 70917
6, 44, 4422794, 4475930, 22794, 75930
6, 45, 4522794, 4591863, 22794, 91863
6, 46, 4622794, 4670917, 22794, 70917
6, 47, 4722794, 4761217, 22794, 61217
6, 48, 4822794, 4871876, 22794, 71876
6, 49, 4922794, 4961217, 22794, 61217
6, 50, 5022794, 5079378, 22794, 79378
6, 51, 5122794, 5170917, 22794, 70917
6, 52, 5222794, 5261217, 22794, 61217
6, 53, 5322794, 5370917, 22794, 70917
6, 54, 5422794, 5470917, 22794, 70917
6, 55, 5522794, 5592348, 22794, 92348
6, 56, 5622794, 5670917, 22794, 70917
6, 57, 5722794, 5770917, 22794, 70917
6, 58, 5822794, 5870917, 22794, 70917
6, 59, 5922794, 5961217, 22794, 61217
6, 60, 6022794, 6091863, 22794, 91863
6, 61, 6122794, 6172588, 22794, 72588
6, 62, 6222794, 6261217, 22794, 61217
6, 63, 6322794, 6371876, 22794, 71876
6, 64, 6422794, 6461217, 22794, 61217
6, 65, 6522794, 6579378, 22794, 79378
6, 66, 6622794, 6681754, 22794, 81754
6, 67, 6722794, 6761971, 22794, 61971
6, 68, 6822794, 6870917, 22794, 70917
6, 69, 6922794, 6970917, 22794, 70917
6, 70, 7022794, 7079378, 22794, 79378
6, 71, 7122794, 7161971, 22794, 61971
6, 72, 7222794, 7270917, 22794, 70917
6, 73, 7322794, 7370917, 22794, 70917
6, 74, 7422794, 7461217, 22794, 61217
6, 75, 7522794, 7591863, 22794, 91863
6, 76, 7622794, 7670917, 22794, 70917
6, 77, 7722794, 7775930, 22794, 75930
6, 78, 7822794, 7874211, 22794, 74211
6, 79, 7922794, 7961217, 22794, 61217
6, 80, 8022794, 8079378, 22794, 79378
6, 81, 8122794, 8170917, 22794, 70917
6, 82, 8222794, 8261217, 22794, 61217
6, 83, 8322794, 8370938, 22794, 70938
6, 84, 8422794, 8470917, 22794, 70917
6, 85, 8522794, 8579378, 22794, 79378
6, 86, 8622794, 8661971, 22794, 61971
6, 87, 8722794, 8770917, 22794, 70917
6, 88, 8822794, 8879419, 22794, 79419
6, 89, 8922794, 8961217, 22794, 61217
6, 90, 9022794, 9091863, 22794, 91863
6, 91, 9122794, 9170917, 22794, 70917
6, 92, 9222794, 9261217, 22794, 61217
6, 93, 9322794, 9371876, 22794, 71876
6, 94, 9422794, 9461971, 22794, 61971
6, 95, 9522794, 9579378, 22794, 79378
6, 96, 9622794, 9670917, 22794, 70917
6, 97, 9722794, 9761217, 22794, 61217
6, 98, 9822794, 9870917, 22794, 70917
6, 99, 9922794, 9981754, 22794, 81754
6, 100, 10022794, 10079378, 22794, 79378
6, 101, 10122794, 10161971, 22794, 61971
6, 102, 10222794, 10270917, 22794, 70917
6, 103, 10322794, 10370917, 22794, 70917
6, 104, 10422794, 10461217, 22794, 61217
6, 105, 10522794, 10591863, 22794, 91863
6, 106, 10622794, 10670917, 22794, 70917
6, 107, 10722794, 10761217, 22794, 61217
6, 108, 10822794, 10871876, 22794, 71876
6, 109, 10922794, 10961217, 22794, 61217
6, 110, 11022794, 11092348, 22794, 92348
6, 111, 11122794, 11173940, 22794, 73940
6, 112, 11222794, 11261217, 22794, 61217
6, 113, 11322794, 11370917, 22794, 70917
6, 114, 11422794, 11470917, 22794, 70917
6, 115, 11522794, 11579378, 22794, 79378
6, 116, 11622794, 11670917, 22794, 70917
6, 117, 11722794, 11770917, 22794, 70917
6, 118, 11822794, 11870917, 22794, 70917
6, 119, 11922794, 11961217, 22794, 61217
6, 120, 12022794, 12091863, 22794, 91863
6, 121, 12122794, 12179419, 22794, 79419
6, 122, 12222794, 12261217, 22794, 61217
6, 123, 12322794, 12371876, 22794, 71876
6, 124, 12422794, 12461217, 22794, 61217
6, 125, 12522794, 12579378, 22794, 79378
6, 126, 12622794, 12670917, 22794, 70917
6, 127, 12722794, 12761971, 22794, 61971
6, 128, 12822794, 12870917, 22794, 70917
6, 129, 12922794, 12970917, 22794, 70917
6, 130, 13022794, 13079378, 22794, 79378
6, 131, 13122794, 13161971, 22794, 61971
6, 132, 13222794, 13281754, 22794, 81754
6, 133, 13322794, 13373518, 22794, 73518
6, 134, 13422794, 13461217, 22794, 61217
6, 135, 13522794, 13591863, 22794, 91863
6, 136, 13622794, 13670917, 22794, 70917
6, 137, 13722794, 13761217, 22794, 61217
6, 138, 13822794, 13871876, 22794, 71876
6, 139, 13922794, 13961217, 22794, 61217
6, 140, 14022794, 14079378, 22794, 79378
6, 141, 14122794, 14170917, 22794, 70917
6, 142, 14222794, 14261217, 22794, 61217
6, 143, 14322794, 14377046, 22794, 77046
6, 144, 14422794, 14470917, 22794, 70917
6, 145, 14522794, 14579378, 22794, 79378
6, 146, 14622794, 14661971, 22794, 61971
6, 147, 14722794, 14770917, 22794, 70917
6, 148, 14822794, 14870917, 22794, 70917
6, 149, 14922794, 14961971, 22794, 61971
6, 150, 15022794, 15091863, 22794, 91863
6, 151, 15122794, 15170917, 22794, 70917
6, 152, 15222794, 15261217, 22794, 61217
6, 153, 15322794, 15371876, 22794, 71876
6, 154, 15422794, 15475930, 22794, 75930
6, 155, 15522794, 15579378, 22794, 79378
6, 156, 15622794, 15670917, 22794, 70917
6, 157, 15722794, 15761217, 22794, 61217
6, 158, 15822794, 15870917, 22794, 70917
6, 159, 15922794, 15970917, 22794, 70917
6, 160, 16022794, 16079378, 22794, 79378
6, 161, 16122794, 16161971, 22794, 61971
6, 162, 16222794, 16270917, 22794, 70917
6, 163, 16322794, 16370917, 22794, 70917
6, 164, 16422794, 16461217, 22794, 61217
7, 0, 13959, 88363, 13959, 88363
7, 1, 113959, 164633, 13959, 64633
7, 2, 213959, 250886, 13959, 50886
7, 3, 313959, 366742, 13959, 66742
7, 4, 413959, 450886, 13959, 50886
7, 5, 513959, 573505, 13959, 73505
7, 6, 613959, 663979, 13959, 63979
7, 7, 713959, 750886, 13959, 50886
7, 8, 813959, 861544, 13959, 61544
7, 9, 913959, 963703, 13959, 63703
7, 10, 1013959, 1073505, 13959, 73505
7, 11, 1113959, 1164886, 13959, 64886
7, 12, 1213959, 1263703, 13959, 63703
7, 13, 1313959, 1361544, 13959, 61544
7, 14, 1413959, 1450886, 13959, 50886
7, 15, 1513959, 1581304, 13959, 81304
7, 16, 1613959, 1661544, 13959, 61544
7, 17, 1713959, 1759468, 13959, 59468
7, 18, 1813959, 1866742, 13959, 66742
7, 19, 1913959, 1950886, 13959, 50886
7, 20, 2013959, 2073505, 13959, 73505
7, 21, 2113959, 2163703, 13959, 63703
7, 22, 2213959, 2264886, 13959, 64886
7, 23, 2313959, 2361544, 13959, 61544
7, 24, 2413959, 2463703, 13959, 63703
7, 25, 2513959, 2573505, 13959, 73505
7, 26, 2613959, 2658437, 13959, 58437
7, 27, 2713959, 2763703, 13959, 63703
7, 28, 2813959, 2863703, 13959, 63703
7, 29, 2913959, 2950886, 13959, 50886
7, 30, 3013959, 3081304, 13959, 81304
7, 31, 3113959, 3161544, 13959, 61544
7, 32, 3213959, 3250886, 13959, 50886
7, 33, 3313959, 3377401, 13959, 77401
7, 34, 3413959, 3459873, 13959, 59873
7, 35, 3513959, 3573505, 13959, 73505
7, 36, 3613959, 3663703, 13959, 63703
7, 37, 3713959, 3750886, 13959, 50886
7, 38, 3813959, 3861544, 13959, 61544
7, 39, 3913959, 3963703, 13959, 63703
7, 40, 4013959, 4073505, 13959, 73505
7, 41, 4113959, 4158437, 13959, 58437
7, 42, 4213959, 4263703, 13959, 63703
7, 43, 4313959, 4361544, 13959, 61544
7, 44, 4413959, 4464886, 13959, 64886
7, 45, 4513959, 4581304, 13959, 81304
7, 46, 4613959, 4661544, 13959, 61544
7, 47, 4713959, 4750886, 13959, 50886
7, 48, 4813959, 4866742, 13959, 66742
7, 49, 4913959, 4950886, 13959, 50886
7, 50, 5013959, 5073505, 13959, 73505
7, 51, 5113959, 5163703, 13959, 63703
7, 52, 5213959, 5250886, 13959, 50886
7, 53, 5313959, 5361544, 13959, 61544
7, 54, 5413959, 5463703, 13959, 63703
7, 55, 5513959, 5581304, 13959, 81304
7, 56, 5613959, 5661544, 13959, 61544
7, 57, 5713959, 5763703, 13959, 63703
7, 58, 5813959, 5861544, 13959, 61544
7, 59, 5913959, 5950886, 13959, 50886
7, 60, 6013959, 6081304, 13959, 81304
7, 61, 6113959, 6163703, 13959, 63703
7, 62, 6213959, 6250886, 13959, 50886
7, 63, 6313959, 6366742, 13959, 66742
7, 64, 6413959, 6450886, 13959, 50886
7, 65, 6513959, 6573505, 13959, 73505
7, 66, 6613959, 6677704, 13959, 77704
7, 67, 6713959, 6759873, 13959, 59873
7, 68, 6813959, 6861544, 13959, 61544
7, 69, 6913959, 6963703, 13959, 63703
7, 70, 7013959, 7073505, 13959, 73505
7, 71, 7113959, 7158437, 13959, 58437
7, 72, 7213959, 7263703, 13959, 63703
7, 73, 7313959, 7361544, 13959, 61544
7, 74, 7413959, 7450886, 13959, 50886
7, 75, 7513959, 7581304, 13959, 81304
7, 76, 7613959, 7661544, 13959, 61544
7, 77, 7713959, 7764886, 13959, 64886
7, 78, 7813959, 7868161, 13959, 68161
7, 79, 7913959, 7950886, 13959, 50886
7, 80, 8013959, 8073505, 13959, 73505
7, 81, 8113959, 8163703, 13959, 63703
7, 82, 8213959, 8250886, 13959, 50886
7, 83, 8313959, 8361544, 13959, 61544
7, 84, 8413959, 8463703, 13959, 63703
7, 85, 8513959, 8573505, 13959, 73505
7, 86, 8613959, 8658437, 13959, 58437
7, 87, 8713959, 8763703, 13959, 63703
7, 88, 8813959, 8873505, 13959, 73505
7, 89, 8913959, 8950886, 13959, 50886
7, 90, 9013959, 9081304, 13959, 81304
7, 91, 9113959, 9161544, 13959, 61544
7, 92, 9213959, 9250886, 13959, 50886
7, 93, 9313959, 9366742, 13959, 66742
7, 94, 9413959, 9459873, 13959, 59873
7, 95, 9513959, 9573505, 13959, 73505
7, 96, 9613959, 9663703, 13959, 63703
7, 97, 9713959, 9750886, 13959, 50886
7, 98, 9813959, 9861544, 13959, 61544
7, 99, 9913959, 9975985, 13959, 75985
7, 100, 10013959, 10074362, 13959, 74362
7, 101, 10113959, 10158437, 13959, 58437
7, 102, 10213959, 10263703, 13959, 63703
7, 103, 10313959, 10361544, 13959, 61544
7, 104, 10413959, 10450886, 13959, 50886
7, 105, 10513959, 10581304, 13959, 81304
7, 106, 10613959, 10661544, 13959, 61544
7, 107, 10713959, 10750886, 13959, 50886
7, 108, 10813959, 10866742, 13959, 66742
7, 109, 10913959, 10950886, 13959, 50886
7, 110, 11013959, 11081304, 13959, 81304
7, 111, 11113959, 11168161, 13959, 68161
7, 112, 11213959, 11250886, 13959, 50886
7, 113, 11313959, 11361544, 13959, 61544
7, 114, 11413959, 11463703, 13959, 63703
7, 115, 11513959, 11573505, 13959, 73505
7, 116, 11613959, 11661544, 13959, 61544
7, 117, 11713959, 11763703, 13959, 63703
7, 118, 11813959, 11861544, 13959, 61544
7, 119, 11913959, 11950886, 13959, 50886
7, 120, 12013959, 12081304, 13959, 81304
7, 121, 12113959, 12173505, 13959, 73505
7, 122, 12213959, 12250886, 13959, 50886
7, 123, 12313959, 12366742, 13959, 66742
7, 124, 12413959, 12450886, 13959, 50886
7, 125, 12513959, 12573505, 13959, 73505
7, 126, 12613959, 12663703, 13959, 63703
7, 127, 12713959, 12759873, 13959, 59873
7, 128, 12813959, 12861544, 13959, 61544
7, 129, 12913959, 12963703, 13959, 63703
7, 130, 13013959, 13073505, 13959, 73505
7, 131, 13113959, 13158437, 13959, 58437
7, 132, 13213959, 13275985, 13959, 75985
7, 133, 13313959, 13364633, 13959, 64633
7, 134, 13413959, 13450886, 13959, 50886
7, 135, 13513959, 13581304, 13959, 81304
7, 136, 13613959, 13661544, 13959, 61544
7, 137, 13713959, 13750886, 13959, 50886
7, 138, 13813959, 13867428, 13959, 67428
7, 139, 13913959, 13950886, 13959, 50886
7, 140, 14013959, 14073505, 13959, 73505
7, 141, 14113959, 14163703, 13959, 63703
7, 142, 14213959, 14250886, 13959, 50886
7, 143, 14313959, 14371599, 13959, 71599
7, 144, 14413959, 14463703, 13959, 63703
7, 145, 14513959, 14573505, 13959, 73505
7, 146, 14613959, 14658437, 13959, 58437
7, 147, 14713959, 14763703, 13959, 63703
7, 148, 14813959, 14861544, 13959, 61544
7, 149, 14913959, 14959468, 13959, 59468
7, 150, 15013959, 15081304, 13959, 81304
7, 151, 15113959, 15161544, 13959, 61544
7, 152, 15213959, 15250886, 13959, 50886
7, 153, 15313959, 15366742, 13959, 66742
7, 154, 15413959, 15464886, 13959, 64886
7, 155, 15513959, 15573505, 13959, 73505
7, 156, 15613959, 15663703, 13959, 63703
7, 157, 15713959, 15750886, 13959, 50886
7, 158, 15813959, 15861544, 13959, 61544
7, 159, 15913959, 15963703, 13959, 63703
7, 160, 16013959, 16074362, 13959, 74362
7, 161, 16113959, 16158437, 13959, 58437
7, 162, 16213959, 16263703, 13959, 63703
7, 163, 16313959, 16361544, 13959, 61544
7, 164, 16413959, 16450886, 13959, 50886
8, 0, 23947, 100848, 23947, 100848
8, 1, 173947, 187415, 23947, 37415
8, 2, 323947, 379227, 23947, 79227
8, 3, 473947, 480134, 23947, 30134
8, 4, 623947, 676464, 23947, 76464
8, 5, 773947, 787137, 23947, 37137
8, 6, 923947, 976188, 23947, 76188
8, 7, 1073947, 1091264, 23947, 41264
8, 8, 1223947, 1276188, 23947, 76188
8, 9, 1373947, 1387137, 23947, 37137
8, 10, 1523947, 1593789, 23947, 93789
8, 11, 1673947, 1689251, 23947, 39251
8, 12, 1823947, 1879227, 23947, 79227
8, 13, 1973947, 1980134, 23947, 30134
8, 14, 2123947, 2176188, 23947, 76188
8, 15, 2273947, 2291264, 23947, 41264
8, 16, 2423947, 2476188, 23947, 76188
8, 17, 2573947, 2591264, 23947, 41264
8, 18, 2723947, 2776188, 23947, 76188
8, 19, 2873947, 2887137, 23947, 37137
8, 20, 3023947, 3093789, 23947, 93789
8, 21, 3173947, 3187137, 23947, 37137
8, 22, 3323947, 3389886, 23947, 89886
8, 23, 3473947, 3480134, 23947, 30134
8, 24, 3623947, 3676188, 23947, 76188
8, 25, 3773947, 3787137, 23947, 37137
8, 26, 3923947, 3976188, 23947, 76188
8, 27, 4073947, 4091264, 23947, 41264
8, 28, 4223947, 4276188, 23947, 76188
8, 29, 4373947, 4387137, 23947, 37137
8, 30, 4523947, 4593789, 23947, 93789
8, 31, 4673947, 4687137, 23947, 37137
8, 32, 4823947, 4879227, 23947, 79227
8, 33, 4973947, 4980820, 23947, 30820
8, 34, 5123947, 5176188, 23947, 76188
8, 35, 5273947, 5287137, 23947, 37137
8, 36, 5423947, 5476188, 23947, 76188
8, 37, 5573947, 5596648, 23947, 46648
8, 38, 5723947, 5776188, 23947, 76188
8, 39, 5873947, 5887137, 23947, 37137
8, 40, 6023947, 6093789, 23947, 93789
8, 41, 6173947, 6187415, 23947, 37415
8, 42, 6323947, 6379227, 23947, 79227
8, 43, 6473947, 6480134, 23947, 30134
8, 44, 6623947, 6690189, 23947, 90189
8, 45, 6773947, 6787150, 23947, 37150
8, 46, 6923947, 6976188, 23947, 76188
8, 47, 7073947, 7091264, 23947, 41264
8, 48, 7223947, 7276188, 23947, 76188
8, 49, 7373947, 7387137, 23947, 37137
8, 50, 7523947, 7593789, 23947, 93789
8, 51, 7673947, 7687137, 23947, 37137
8, 52, 7823947, 7882372, 23947, 82372
8, 53, 7973947, 7980134, 23947, 30134
8, 54, 8123947, 8176188, 23947, 76188
8, 55, 8273947, 8287150, 23947, 37150
8, 56, 8423947, 8476188, 23947, 76188
8, 57, 8573947, 8591264, 23947, 41264
8, 58, 8723947, 8776188, 23947, 76188
8, 59, 8873947, 8890189, 23947, 40189
8, 60, 9023947, 9093789, 23947, 93789
8, 61, 9173947, 9187137, 23947, 37137
8, 62, 9323947, 9379227, 23947, 79227
8, 63, 9473947, 9480134, 23947, 30134
8, 64, 9623947, 9676188, 23947, 76188
8, 65, 9773947, 9787137, 23947, 37137
8, 66, 9923947, 9990189, 23947, 90189
8, 67, 10073947, 10091863, 23947, 41863
8, 68, 10223947, 10276188, 23947, 76188
8, 69, 10373947, 10387137, 23947, 37137
8, 70, 10523947, 10593789, 23947, 93789
8, 71, 10673947, 10687137, 23947, 37137
8, 72, 10823947, 10879227, 23947, 79227
8, 73, 10973947, 10980134, 23947, 30134
8, 74, 11123947, 11181483, 23947, 81483
8, 75, 11273947, 11287137, 23947, 37137
8, 76, 11423947, 11476188, 23947, 76188
8, 77, 11573947, 11593789, 23947, 43789
8, 78, 11723947, 11776188, 23947, 76188
8, 79, 11873947, 11887137, 23947, 37137
8, 80, 12023947, 12093789, 23947, 93789
8, 81, 12173947, 12190189, 23947, 40189
8, 82, 12323947, 12379227, 23947, 79227
8, 83, 12473947, 12480134, 23947, 30134
8, 84, 12623947, 12676188, 23947, 76188
8, 85, 12773947, 12787150, 23947, 37150
8, 86, 12923947, 12976188, 23947, 76188
8, 87, 13073947, 13091264, 23947, 41264
8, 88, 13223947, 13290189, 23947, 90189
8, 89, 13373947, 13387137, 23947, 37137
8, 90, 13523947, 13593789, 23947, 93789
8, 91, 13673947, 13687137, 23947, 37137
8, 92, 13823947, 13879913, 23947, 79913
8, 93, 13973947, 13980134, 23947, 30134
8, 94, 14123947, 14176188, 23947, 76188
8, 95, 14273947, 14287137, 23947, 37137
8, 96, 14423947, 14476188, 23947, 76188
8, 97, 14573947, 14591264, 23947, 41264
8, 98, 14723947, 14776188, 23947, 76188
8, 99, 14873947, 14889251, 23947, 39251
8, 100, 15023947, 15093789, 23947, 93789
8, 101, 15173947, 15187137, 23947, 37137
8, 102, 15323947, 15379227, 23947, 79227
8, 103, 15473947, 15487137, 23947, 37137
8, 104, 15623947, 15676188, 23947, 76188
8, 105, 15773947, 15787137, 23947, 37137
8, 106, 15923947, 15976188, 23947, 76188
8, 107, 16073947, 16091863, 23947, 41863
8, 108, 16223947, 16276188, 23947, 76188
8, 109, 16373947, 16387137, 23947, 37137
9, 0, 5603, 82843, 5603, 82843
9, 1, 155603, 171637, 5603, 21637
9, 2, 305603, 360224, 5603, 60224
9, 3, 455603, 457204, 5603, 7204
9, 4, 605603, 662424, 5603, 62424
9, 5, 755603, 764220, 5603, 14220
9, 6, 905603, 962424, 5603, 62424
9, 7, 1055603, 1070859, 5603, 20859
9, 8, 1205603, 1262424, 5603, 62424
9, 9, 1355603, 1366321, 5603, 16321
9, 10, 1505603, 1572047, 5603, 72047
9, 11, 1655603, 1668548, 5603, 18548
9, 12, 1805603, 1860224, 5603, 60224
9, 13, 1955603, 1957204, 5603, 7204
9, 14, 2105603, 2162424, 5603, 62424
9, 15, 2255603, 2272006, 5603, 22006
9, 16, 2405603, 2462424, 5603, 62424
9, 17, 2555603, 2570859, 5603, 20859
9, 18, 2705603, 2762424, 5603, 62424
9, 19, 2855603, 2867267, 5603, 17267
9, 20, 3005603, 3072047, 5603, 72047
9, 21, 3155603, 3166321, 5603, 16321
9, 22, 3305603, 3372006, 5603, 72006
9, 23, 3455603, 3457204, 5603, 7204
9, 24, 3605603, 3662424, 5603, 62424
9, 25, 3755603, 3764220, 5603, 14220
9, 26, 3905603, 3962424, 5603, 62424
9, 27, 4055603, 4070859, 5603, 20859
9, 28, 4205603, 4262424, 5603, 62424
9, 29, 4355603, 4366321, 5603, 16321
9, 30, 4505603, 4572047, 5603, 72047
9, 31, 4655603, 4666321, 5603, 16321
9, 32, 4805603, 4860224, 5603, 60224
9, 33, 4955603, 4957890, 5603, 7890
9, 34, 5105603, 5162424, 5603, 62424
9, 35, 5255603, 5264220, 5603, 14220
9, 36, 5405603, 5462424, 5603, 62424
9, 37, 5555603, 5579592, 5603, 29592
9, 38, 5705603, 5762424, 5603, 62424
9, 39, 5855603, 5866321, 5603, 16321
9, 40, 6005603, 6072047, 5603, 72047
9, 41, 6155603, 6166321, 5603, 16321
9, 42, 6305603, 6360224, 5603, 60224
9, 43, 6455603, 6457204, 5603, 7204
9, 44, 6605603, 6672006, 5603, 72006
9, 45, 6755603, 6766877, 5603, 16877
9, 46, 6905603, 6962424, 5603, 62424
9, 47, 7055603, 7070859, 5603, 20859
9, 48, 7205603, 7262424, 5603, 62424
9, 49, 7355603, 7366321, 5603, 16321
9, 50, 7505603, 7572047, 5603, 72047
9, 51, 7655603, 7666321, 5603, 16321
9, 52, 7805603, 7863313, 5603, 63313
9, 53, 7955603, 7957204, 5603, 7204
9, 54, 8105603, 8162424, 5603, 62424
9, 55, 8255603, 8268933, 5603, 18933
9, 56, 8405603, 8462424, 5603, 62424
9, 57, 8555603, 8570859, 5603, 20859
9, 58, 8705603, 8762424, 5603, 62424
9, 59, 8855603, 8872006, 5603, 22006
9, 60, 9005603, 9072047, 5603, 72047
9, 61, 9155603, 9166321, 5603, 16321
9, 62, 9305603, 9360224, 5603, 60224
9, 63, 9455603, 9457204, 5603, 7204
9, 64, 9605603, 9662424, 5603, 62424
9, 65, 9755603, 9764220, 5603, 14220
9, 66, 9905603, 9972006, 5603, 72006
9, 67, 10055603, 10070859, 5603, 20859
9, 68, 10205603, 10262424, 5603, 62424
9, 69, 10355603, 10366321, 5603, 16321
9, 70, 10505603, 10572047, 5603, 72047
9, 71, 10655603, 10666321, 5603, 16321
9, 72, 10805603, 10860224, 5603, 60224
9, 73, 10955603, 10957204, 5603, 7204
9, 74, 11105603, 11162424, 5603, 62424
9, 75, 11255603, 11264220, 5603, 14220
9, 76, 11405603, 11462424, 5603, 62424
9, 77, 11555603, 11579592, 5603, 29592
9, 78, 11705603, 11762424, 5603, 62424
9, 79, 11855603, 11866321, 5603, 16321
9, 80, 12005603, 12072047, 5603, 72047
9, 81, 12155603, 12172006, 5603, 22006
9, 82, 12305603, 12360224, 5603, 60224
9, 83, 12455603, 12457204, 5603, 7204
9, 84, 12605603, 12662424, 5603, 62424
9, 85, 12755603, 12766877, 5603, 16877
9, 86, 12905603, 12962424, 5603, 62424
9, 87, 13055603, 13070859, 5603, 20859
9, 88, 13205603, 13272006, 5603, 72006
9, 89, 13355603, 13371637, 5603, 21637
9, 90, 13505603, 13572047, 5603, 72047
9, 91, 13655603, 13666321, 5603, 16321
9, 92, 13805603, 13860224, 5603, 60224
9, 93, 13955603, 13957204, 5603, 7204
9, 94, 14105603, 14162424, 5603, 62424
9, 95, 14255603, 14264220, 5603, 14220
9, 96, 14405603, 14462424, 5603, 62424
9, 97, 14555603, 14570859, 5603, 20859
9, 98, 14705603, 14762424, 5603, 62424
9, 99, 14855603, 14868548, 5603, 18548
9, 100, 15005603, 15072047, 5603, 72047
9, 101, 15155603, 15166321, 5603, 16321
9, 102, 15305603, 15360224, 5603, 60224
9, 103, 15455603, 15468334, 5603, 18334
9, 104, 15605603, 15662424, 5603, 62424
9, 105, 15755603, 15764220, 5603, 14220
9, 106, 15905603, 15962424, 5603, 62424
9, 107, 16055603, 16070859, 5603, 20859
9, 108, 16205603, 16262424, 5603, 62424
9, 109, 16355603, 16366321, 5603, 16321
10, 0, 50924, 134366, 50924, 134366
10, 1, 300924, 313856, 50924, 63856
10, 2, 550924, 607751, 50924, 107751
10, 3, 800924, 820872, 50924, 70872
10, 4, 1050924, 1107751, 50924, 107751
10, 5, 1300924, 1326080, 50924, 76080
10, 6, 1550924, 1626080, 50924, 126080
10, 7, 1800924, 1813856, 50924, 63856
10, 8, 2050924, 2107751, 50924, 107751
10, 9, 2300924, 2328658, 50924, 78658
10, 10, 2550924, 2607751, 50924, 107751
10, 11, 2800924, 2827026, 50924, 77026
10, 12, 3050924, 3126080, 50924, 126080
10, 13, 3300924, 3313856, 50924, 63856
10, 14, 3550924, 3607751, 50924, 107751
10, 15, 3800924, 3820872, 50924, 70872
10, 16, 4050924, 4107751, 50924, 107751
10, 17, 4300924, 4326080, 50924, 76080
10, 18, 4550924, 4626080, 50924, 126080
10, 19, 4800924, 4813856, 50924, 63856
10, 20, 5050924, 5107751, 50924, 107751
10, 21, 5300924, 5320872, 50924, 70872
10, 22, 5550924, 5628658, 50924, 128658
10, 23, 5800924, 5826080, 50924, 76080
10, 24, 6050924, 6126080, 50924, 126080
10, 25, 6300924, 6313856, 50924, 63856
10, 26, 6550924, 6607751, 50924, 107751
10, 27, 6800924, 6823529, 50924, 73529
10, 28, 7050924, 7107751, 50924, 107751
10, 29, 7300924, 7326080, 50924, 76080
10, 30, 7550924, 7626080, 50924, 126080
10, 31, 7800924, 7820872, 50924, 70872
10, 32, 8050924, 8107751, 50924, 107751
10, 33, 8300924, 8325585, 50924, 75585
10, 34, 8550924, 8607751, 50924, 107751
10, 35, 8800924, 8826080, 50924, 76080
10, 36, 9050924, 9126080, 50924, 126080
10, 37, 9300924, 9313856, 50924, 63856
10, 38, 9550924, 9607751, 50924, 107751
10, 39, 9800924, 9820872, 50924, 70872
10, 40, 10050924, 10107751, 50924, 107751
10, 41, 10300924, 10326080, 50924, 76080
10, 42, 10550924, 10626080, 50924, 126080
10, 43, 10800924, 10813856, 50924, 63856
10, 44, 11050924, 11119712, 50924, 119712
10, 45, 11300924, 11320872, 50924, 70872
10, 46, 11550924, 11607751, 50924, 107751
10, 47, 11800924, 11826080, 50924, 76080
10, 48, 12050924, 12126080, 50924, 126080
10, 49, 12300924, 12313856, 50924, 63856
10, 50, 12550924, 12607751, 50924, 107751
10, 51, 12800924, 12823529, 50924, 73529
10, 52, 13050924, 13107751, 50924, 107751
10, 53, 13300924, 13334366, 50924, 84366
10, 54, 13550924, 13626080, 50924, 126080
10, 55, 13800924, 13814542, 50924, 64542
10, 56, 14050924, 14107751, 50924, 107751
10, 57, 14300924, 14320872, 50924, 70872
10, 58, 14550924, 14607751, 50924, 107751
10, 59, 14800924, 14826080, 50924, 76080
10, 60, 15050924, 15126080, 50924, 126080
10, 61, 15300924, 15313856, 50924, 63856
10, 62, 15550924, 15607751, 50924, 107751
10, 63, 15800924, 15820872, 50924, 70872
10, 64, 16050924, 16107751, 50924, 107751
10, 65, 16300924, 16326080, 50924, 76080
11, 0, 5613, 89860, 5613, 89860
11, 1, 255613, 257217, 5613, 7217
11, 2, 505613, 568347, 5613, 68347
11, 3, 755613, 764907, 5613, 14907
11, 4, 1005613, 1073405, 5613, 73405
11, 5, 1255613, 1270387, 5613, 20387
11, 6, 1505613, 1579064, 5613, 79064
11, 7, 1755613, 1757217, 5613, 7217
11, 8, 2005613, 2068347, 5613, 68347
11, 9, 2255613, 2279023, 5613, 29023
11, 10, 2505613, 2573405, 5613, 73405
11, 11, 2755613, 2777000, 5613, 27000
11, 12, 3005613, 3079064, 5613, 79064
11, 13, 3255613, 3257217, 5613, 7217
11, 14, 3505613, 3568347, 5613, 68347
11, 15, 3755613, 3764907, 5613, 14907
11, 16, 4005613, 4073405, 5613, 73405
11, 17, 4255613, 4270387, 5613, 20387
11, 18, 4505613, 4579064, 5613, 79064
11, 19, 4755613, 4757217, 5613, 7217
11, 20, 5005613, 5068347, 5613, 68347
11, 21, 5255613, 5264907, 5613, 14907
11, 22, 5505613, 5586010, 5613, 86010
11, 23, 5755613, 5770387, 5613, 20387
11, 24, 6005613, 6079064, 5613, 79064
11, 25, 6255613, 6257217, 5613, 7217
11, 26, 6505613, 6568347, 5613, 68347
11, 27, 6755613, 6768988, 5613, 18988
11, 28, 7005613, 7073405, 5613, 73405
11, 29, 7255613, 7270387, 5613, 20387
11, 30, 7505613, 7579064, 5613, 79064
11, 31, 7755613, 7768347, 5613, 18347
11, 32, 8005613, 8068347, 5613, 68347
11, 33, 8255613, 8275950, 5613, 25950
11, 34, 8505613, 8573405, 5613, 73405
11, 35, 8755613, 8770387, 5613, 20387
11, 36, 9005613, 9079064, 5613, 79064
11, 37, 9255613, 9257217, 5613, 7217
11, 38, 9505613, 9568347, 5613, 68347
11, 39, 9755613, 9764907, 5613, 14907
11, 40, 10005613, 10077876, 5613, 77876
11, 41, 10255613, 10270387, 5613, 20387
11, 42, 10505613, 10579064, 5613, 79064
11, 43, 10755613, 10757217, 5613, 7217
11, 44, 11005613, 11073731, 5613, 73731
11, 45, 11255613, 11264907, 5613, 14907
11, 46, 11505613, 11573405, 5613, 73405
11, 47, 11755613, 11770387, 5613, 20387
11, 48, 12005613, 12079064, 5613, 79064
11, 49, 12255613, 12257217, 5613, 7217
11, 50, 12505613, 12568347, 5613, 68347
11, 51, 12755613, 12768988, 5613, 18988
11, 52, 13005613, 13073405, 5613, 73405
11, 53, 13255613, 13279023, 5613, 29023
11, 54, 13505613, 13579064, 5613, 79064
11, 55, 13755613, 13757903, 5613, 7903
11, 56, 14005613, 14068347, 5613, 68347
11, 57, 14255613, 14264907, 5613, 14907
11, 58, 14505613, 14573405, 5613, 73405
11, 59, 14755613, 14770387, 5613, 20387
11, 60, 15005613, 15079064, 5613, 79064
11, 61, 15255613, 15257217, 5613, 7217
11, 62, 15505613, 15568347, 5613, 68347
11, 63, 15755613, 15764907, 5613, 14907
11, 64, 16005613, 16077876, 5613, 77876
11, 65, 16255613, 16270387, 5613, 20387
12, 0, 15827, 101576, 15827, 101576
12, 1, 315827, 376081, 15827, 76081
12, 2, 615827, 673318, 15827, 73318
12, 3, 915827, 973042, 15827, 73042
12, 4, 1215827, 1283154, 15827, 83154
12, 5, 1515827, 1592372, 15827, 92372
12, 6, 1815827, 1876081, 15827, 76081
12, 7, 2115827, 2173042, 15827, 73042
12, 8, 2415827, 2473042, 15827, 73042
12, 9, 2715827, 2783154, 15827, 83154
12, 10, 3015827, 3092372, 15827, 92372
12, 11, 3315827, 3384786, 15827, 84786
12, 12, 3615827, 3673042, 15827, 73042
12, 13, 3915827, 3973042, 15827, 73042
12, 14, 4215827, 4283154, 15827, 83154
12, 15, 4515827, 4592372, 15827, 92372
12, 16, 4815827, 4876081, 15827, 76081
12, 17, 5115827, 5173042, 15827, 73042
12, 18, 5415827, 5473042, 15827, 73042
12, 19, 5715827, 5783154, 15827, 83154
12, 20, 6015827, 6092372, 15827, 92372
12, 21, 6315827, 6376081, 15827, 76081
12, 22, 6615827, 6684786, 15827, 84786
12, 23, 6915827, 6973042, 15827, 73042
12, 24, 7215827, 7283154, 15827, 83154
12, 25, 7515827, 7592372, 15827, 92372
12, 26, 7815827, 7883097, 15827, 83097
12, 27, 8115827, 8173042, 15827, 73042
12, 28, 8415827, 8473042, 15827, 73042
12, 29, 8715827, 8783154, 15827, 83154
12, 30, 9015827, 9092372, 15827, 92372
12, 31, 9315827, 9376081, 15827, 76081
12, 32, 9615827, 9673042, 15827, 73042
12, 33, 9915827, 9984786, 15827, 84786
12, 34, 10215827, 10283154, 15827, 83154
12, 35, 10515827, 10592372, 15827, 92372
12, 36, 10815827, 10876081, 15827, 76081
12, 37, 11115827, 11181937, 15827, 81937
12, 38, 11415827, 11473042, 15827, 73042
12, 39, 11715827, 11783154, 15827, 83154
12, 40, 12015827, 12092372, 15827, 92372
12, 41, 12315827, 12376081, 15827, 76081
12, 42, 12615827, 12673042, 15827, 73042
12, 43, 12915827, 12973042, 15827, 73042
12, 44, 13215827, 13295135, 15827, 95135
12, 45, 13515827, 13592372, 15827, 92372
12, 46, 13815827, 13876767, 15827, 76767
12, 47, 14115827, 14173042, 15827, 73042
12, 48, 14415827, 14473042, 15827, 73042
12, 49, 14715827, 14783154, 15827, 83154
12, 50, 15015827, 15092372, 15827, 92372
12, 51, 15315827, 15376081, 15827, 76081
12, 52, 15615827, 15673042, 15827, 73042
12, 53, 15915827, 15973042, 15827, 73042
12, 54, 16215827, 16283154, 15827, 83154
13, 0, 37790, 124244, 37790, 124244
13, 1, 587790, 611093, 37790, 61093
13, 2, 1137790, 1191333, 37790, 91333
13, 3, 1687790, 1708782, 37790, 58782
13, 4, 2237790, 2291333, 37790, 91333
13, 5, 2787790, 2817221, 37790, 67221
13, 6, 3337790, 3409407, 37790, 109407
13, 7, 3887790, 3897438, 37790, 47438
13, 8, 4437790, 4491333, 37790, 91333
13, 9, 4987790, 4998124, 37790, 48124
13, 10, 5537790, 5618097, 37790, 118097
13, 11, 6087790, 6124244, 37790, 74244
13, 12, 6637790, 6709662, 37790, 109662
13, 13, 7187790, 7197438, 37790, 47438
13, 14, 7737790, 7791333, 37790, 91333
13, 15, 8287790, 8309167, 37790, 59167
13, 16, 8837790, 8893492, 37790, 93492
13, 17, 9387790, 9409407, 37790, 59407
13, 18, 9937790, 10009662, 37790, 109662
13, 19, 10487790, 10497438, 37790, 47438
13, 20, 11037790, 11111093, 37790, 111093
13, 21, 11587790, 11618097, 37790, 68097
13, 22, 12137790, 12193492, 37790, 93492
13, 23, 12687790, 12709662, 37790, 59662
13, 24, 13237790, 13317221, 37790, 117221
13, 25, 13787790, 13798124, 37790, 48124
13, 26, 14337790, 14393492, 37790, 93492
13, 27, 14887790, 14908782, 37790, 58782
13, 28, 15437790, 15491333, 37790, 91333
13, 29, 15987790, 16009662, 37790, 59662
